code,name,indus
600988,赤峰黄金,BK0732
002155,湖南黄金,BK0732
000975,银泰黄金,BK0732
601069,西部黄金,BK0732
600547,山东黄金,BK0732
600489,中金黄金,BK0732
002237,恒邦股份,BK0732
601899,紫金矿业,BK0732
002716,金贵银业,BK0732
000506,中润资源,BK0732
600311,*ST荣华,BK0732
601007,金陵饭店,BK0485
603199,九华旅游,BK0485
300756,金马游乐,BK0485
605108,同庆楼,BK0485
000524,岭南控股,BK0485
603099,长白山,BK0485
000428,华天酒店,BK0485
002033,丽江股份,BK0485
900942,黄山Ｂ股,BK0485
600054,黄山旅游,BK0485
002186,全 聚 德,BK0485
600138,中青旅,BK0485
300144,宋城演艺,BK0485
000888,峨眉山Ａ,BK0485
600749,西藏旅游,BK0485
601888,中国中免,BK0485
002707,众信旅游,BK0485
600593,大连圣亚,BK0485
000610,西安旅游,BK0485
300859,西域旅游,BK0485
002059,云南旅游,BK0485
600258,首旅酒店,BK0485
002159,三特索道,BK0485
000978,桂林旅游,BK0485
301073,君亭酒店,BK0485
000721,西安饮食,BK0485
000430,张家界,BK0485
900934,锦江Ｂ股,BK0485
600754,锦江酒店,BK0485
600706,曲江文旅,BK0485
000796,ST凯撒,BK0485
900929,锦旅Ｂ股,BK0485
603136,天目湖,BK0485
002306,中科云网,BK0485
002142,宁波银行,BK0475
601009,南京银行,BK0475
601128,常熟银行,BK0475
601988,中国银行,BK0475
002966,苏州银行,BK0475
601328,交通银行,BK0475
601838,成都银行,BK0475
601939,建设银行,BK0475
601658,邮储银行,BK0475
601398,工商银行,BK0475
601288,农业银行,BK0475
600926,杭州银行,BK0475
600919,江苏银行,BK0475
601998,中信银行,BK0475
601077,渝农商行,BK0475
600000,浦发银行,BK0475
601818,光大银行,BK0475
601169,北京银行,BK0475
601665,齐鲁银行,BK0475
600016,民生银行,BK0475
601825,沪农商行,BK0475
600015,华夏银行,BK0475
601229,上海银行,BK0475
601166,兴业银行,BK0475
601963,重庆银行,BK0475
002936,郑州银行,BK0475
601577,长沙银行,BK0475
601916,浙商银行,BK0475
601997,贵阳银行,BK0475
002958,青农商行,BK0475
600908,无锡银行,BK0475
601187,厦门银行,BK0475
600928,西安银行,BK0475
000001,平安银行,BK0475
002948,青岛银行,BK0475
002839,张家港行,BK0475
601860,紫金银行,BK0475
600036,招商银行,BK0475
002807,江阴银行,BK0475
601528,瑞丰银行,BK0475
603323,苏农银行,BK0475
001227,兰州银行,BK0475
601699,潞安环能,BK0437
600546,山煤国际,BK0437
601001,晋控煤业,BK0437
600123,兰花科创,BK0437
601225,陕西煤业,BK0437
600121,郑州煤电,BK0437
000983,山西焦煤,BK0437
600188,兖矿能源,BK0437
601088,中国神华,BK0437
600532,*ST未来,BK0437
601898,中煤能源,BK0437
600997,开滦股份,BK0437
601666,平煤股份,BK0437
600403,大有能源,BK0437
601101,昊华能源,BK0437
000937,冀中能源,BK0437
600508,上海能源,BK0437
600971,恒源煤电,BK0437
000552,靖远煤电,BK0437
601918,新集能源,BK0437
002128,电投能源,BK0437
900948,伊泰Ｂ股,BK0437
600408,安泰集团,BK0437
600740,山西焦化,BK0437
600395,盘江股份,BK0437
600725,云维股份,BK0437
000571,ST大洲,BK0437
600397,安源煤业,BK0437
600758,辽宁能源,BK0437
600348,华阳股份,BK0437
600792,云煤能源,BK0437
601015,陕西黑猫,BK0437
000723,美锦能源,BK0437
600985,淮北矿业,BK0437
601011,宝泰隆,BK0437
002928,华夏航空,BK0420
600004,白云机场,BK0420
601111,中国国航,BK0420
600009,上海机场,BK0420
000089,深圳机场,BK0420
600029,南方航空,BK0420
600115,中国东航,BK0420
600897,厦门空港,BK0420
900945,海控B股,BK0420
600221,海航控股,BK0420
600515,海南机场,BK0420
601021,春秋航空,BK0420
603885,吉祥航空,BK0420
000099,中信海直,BK0420
000670,盈方微,BK1036
300672,国科微,BK1036
688107,安路科技-U,BK1036
600877,声光电科,BK1036
688368,晶丰明源,BK1036
688608,恒玄科技,BK1036
688123,聚辰股份,BK1036
688270,臻镭科技,BK1036
688262,国芯科技,BK1036
002049,紫光国微,BK1036
688037,芯源微,BK1036
301369,联动科技,BK1036
688072,拓荆科技-U,BK1036
688439,振华风光,BK1036
300077,国民技术,BK1036
300456,赛微电子,BK1036
300604,长川科技,BK1036
688126,沪硅产业-U,BK1036
688012,中微公司,BK1036
603290,斯达半导,BK1036
600584,长电科技,BK1036
002371,北方华创,BK1036
002409,雅克科技,BK1036
688409,富创精密,BK1036
300706,阿石创,BK1036
300782,卓胜微,BK1036
688120,华海清科,BK1036
688008,澜起科技,BK1036
300666,江丰电子,BK1036
430139,N华岭,BK1036
688261,东微半导,BK1036
688508,芯朋微,BK1036
301095,广立微,BK1036
688391,钜泉科技,BK1036
688536,思瑞浦,BK1036
688711,宏微科技,BK1036
301282,金禄电子,BK1036
688661,和林微纳,BK1036
688041,海光信息,BK1036
688385,复旦微电,BK1036
688325,赛微微电,BK1036
688234,天岳先进,BK1036
688981,中芯国际,BK1036
688233,神工股份,BK1036
688589,力合微,BK1036
688002,睿创微纳,BK1036
688259,创耀科技,BK1036
688138,清溢光电,BK1036
001270,铖昌科技,BK1036
688403,汇成股份,BK1036
300661,圣邦股份,BK1036
688728,格科微,BK1036
688167,炬光科技,BK1036
688200,华峰测控,BK1036
688396,华润微,BK1036
001309,德明利,BK1036
688206,概伦电子,BK1036
688018,乐鑫科技,BK1036
688279,峰岹科技,BK1036
688099,晶晨股份,BK1036
688052,纳芯微,BK1036
300493,润欣科技,BK1036
688381,帝奥微,BK1036
688220,翱捷科技-U,BK1036
688130,晶华微,BK1036
300623,捷捷微电,BK1036
688173,希荻微,BK1036
603160,汇顶科技,BK1036
688286,敏芯股份,BK1036
688213,思特威-W,BK1036
301308,江波龙,BK1036
688230,芯导科技,BK1036
688047,龙芯中科,BK1036
300046,台基股份,BK1036
688689,银河微电,BK1036
688049,炬芯科技,BK1036
600171,上海贝岭,BK1036
688061,灿瑞科技,BK1036
300053,欧比特,BK1036
300831,派瑞股份,BK1036
003026,中晶科技,BK1036
688252,天德钰,BK1036
688595,芯海科技,BK1036
688766,普冉股份,BK1036
301050,雷电微力,BK1036
688256,寒武纪-U,BK1036
688521,芯原股份-U,BK1036
603933,睿能科技,BK1036
605358,立昂微,BK1036
301132,满坤科技,BK1036
688699,明微电子,BK1036
002119,康强电子,BK1036
002185,华天科技,BK1036
688110,东芯股份,BK1036
603005,晶方科技,BK1036
600460,士兰微,BK1036
688332,中科蓝讯,BK1036
688416,恒烁股份,BK1036
600360,华微电子,BK1036
605588,冠石科技,BK1036
300613,富瀚微,BK1036
300223,北京君正,BK1036
002077,大港股份,BK1036
688209,英集芯,BK1036
688135,利扬芯片,BK1036
300671,富满微,BK1036
603986,兆易创新,BK1036
600198,大唐电信,BK1036
002079,苏州固锝,BK1036
605111,新洁能,BK1036
688798,艾为电子,BK1036
300458,全志科技,BK1036
300327,中颖电子,BK1036
300812,易天股份,BK1036
688045,必易微,BK1036
688216,气派科技,BK1036
002156,通富微电,BK1036
300139,晓程科技,BK1036
300373,扬杰科技,BK1036
603068,博通集成,BK1036
688601,力芯微,BK1036
603501,韦尔股份,BK1036
688153,唯捷创芯-U,BK1036
600667,太极实业,BK1036
603893,瑞芯微,BK1036
688380,中微半导,BK1036
688048,长光华芯,BK1036
688372,C伟测,BK1036
002873,新天药业,BK1040
002107,沃华医药,BK1040
002907,华森制药,BK1040
002566,益盛药业,BK1040
603963,大理药业,BK1040
002864,盘龙药业,BK1040
002644,佛慈制药,BK1040
000590,启迪药业,BK1040
600976,健民集团,BK1040
600285,羚锐制药,BK1040
300534,陇神戎发,BK1040
603858,步长制药,BK1040
002198,嘉应制药,BK1040
002826,易明医药,BK1040
002728,特一药业,BK1040
600211,西藏药业,BK1040
002433,ST太安,BK1040
000538,云南白药,BK1040
002412,汉森制药,BK1040
603998,方盛制药,BK1040
300519,新光药业,BK1040
833266,生物谷,BK1040
002275,桂林三金,BK1040
002287,奇正藏药,BK1040
002349,精华制药,BK1040
600572,康恩贝,BK1040
300181,佐力药业,BK1040
600422,昆药集团,BK1040
600436,片仔癀,BK1040
002603,以岭药业,BK1040
000919,金陵药业,BK1040
600594,益佰制药,BK1040
002317,众生药业,BK1040
300878,维康药业,BK1040
002750,龙津药业,BK1040
600252,中恒集团,BK1040
600750,江中药业,BK1040
000423,东阿阿胶,BK1040
600518,ST康美,BK1040
002737,葵花药业,BK1040
600329,达仁堂,BK1040
002424,贵州百灵,BK1040
600566,济川药业,BK1040
000790,华神科技,BK1040
000989,九 芝 堂,BK1040
600557,康缘药业,BK1040
603439,贵州三力,BK1040
300039,上海凯宝,BK1040
002390,信邦制药,BK1040
836433,大唐药业,BK1040
600332,白云山,BK1040
000650,仁和药业,BK1040
600080,金花股份,BK1040
600535,天士力,BK1040
600222,太龙药业,BK1040
600993,马应龙,BK1040
600351,亚宝药业,BK1040
300147,香雪制药,BK1040
000999,华润三九,BK1040
603896,寿仙谷,BK1040
600671,ST目药,BK1040
300026,红日药业,BK1040
600479,千金药业,BK1040
603567,珍宝岛,BK1040
002118,紫鑫药业,BK1040
605199,葫芦娃,BK1040
301331,恩威医药,BK1040
603139,康惠制药,BK1040
002166,莱茵生物,BK1040
300108,*ST吉药,BK1040
600129,太极集团,BK1040
600085,同仁堂,BK1040
600771,广誉远,BK1040
688152,N麒麟,BK0737
603232,格尔软件,BK0737
003007,直真科技,BK0737
839680,广道数字,BK0737
002279,久其软件,BK0737
301153,中科江南,BK0737
603383,顶点软件,BK0737
688023,安恒信息,BK0737
300249,依米康,BK0737
300352,北信源,BK0737
603927,中科软,BK0737
301330,熵基科技,BK0737
000948,南天信息,BK0737
002987,京北方,BK0737
300730,科创信息,BK0737
600570,恒生电子,BK0737
300659,中孚信息,BK0737
300377,赢时胜,BK0737
300598,诚迈科技,BK0737
688201,信安世纪,BK0737
688188,柏楚电子,BK0737
300525,博思软件,BK0737
003029,吉大正元,BK0737
300454,深信服,BK0737
300799,左江科技,BK0737
301269,华大九天,BK0737
300768,迪普科技,BK0737
300579,数字认证,BK0737
300468,四方精创,BK0737
688111,金山办公,BK0737
000638,万方发展,BK0737
688244,永信至诚,BK0737
300465,高伟达,BK0737
301117,佳缘科技,BK0737
688561,奇安信-U,BK0737
300229,拓尔思,BK0737
603039,ST泛微,BK0737
688168,安博通,BK0737
837092,汉鑫科技,BK0737
603138,海量数据,BK0737
900926,宝信Ｂ,BK0737
002072,*ST凯瑞,BK0737
300369,绿盟科技,BK0737
835184,国源科技,BK0737
688058,宝兰德,BK0737
002322,理工能科,BK0737
835508,殷图网联,BK0737
688369,致远互联,BK0737
300542,新晨科技,BK0737
300380,安硕信息,BK0737
002439,启明星辰,BK0737
600654,*ST中安,BK0737
300996,普联软件,BK0737
600602,云赛智联,BK0737
300075,数字政通,BK0737
834415,恒拓开源,BK0737
300624,万兴科技,BK0737
002065,东华软件,BK0737
300235,方直科技,BK0737
300469,信息发展,BK0737
300036,超图软件,BK0737
300302,同有科技,BK0737
300188,美亚柏科,BK0737
301316,慧博云通,BK0737
002410,广联达,BK0737
300311,任子行,BK0737
601519,大智慧,BK0737
688777,中控技术,BK0737
002268,卫 士 通,BK0737
688318,财富趋势,BK0737
688118,普元信息,BK0737
002261,拓维信息,BK0737
430564,天润科技,BK0737
688078,龙软科技,BK0737
300588,熙菱信息,BK0737
830799,艾融软件,BK0737
831832,科达自控,BK0737
300559,佳发教育,BK0737
688083,中望软件,BK0737
300561,汇金科技,BK0737
300386,飞天诚信,BK0737
300348,长亮科技,BK0737
600728,佳都科技,BK0737
300663,科蓝软件,BK0737
688579,山大地纬,BK0737
430090,同辉信息,BK0737
300085,银之杰,BK0737
688225,亚信安全,BK0737
603528,多伦科技,BK0737
835207,众诚科技,BK0737
688227,品高股份,BK0737
300810,中科海讯,BK0737
300605,恒锋信息,BK0737
300047,天源迪科,BK0737
002178,延华智能,BK0737
300365,恒华科技,BK0737
832171,志晟信息,BK0737
688590,新致软件,BK0737
000004,ST国华,BK0737
300520,科大国创,BK0737
688038,中科通达,BK0737
300935,盈建科,BK0737
300608,思特奇,BK0737
688030,山石网科,BK0737
300074,华平股份,BK0737
301185,鸥玛软件,BK0737
300333,兆日科技,BK0737
300253,卫宁健康,BK0737
301195,北路智控,BK0737
002253,川大智胜,BK0737
300451,创业慧康,BK0737
835305,云创数据,BK0737
301302,华如科技,BK0737
002230,科大讯飞,BK0737
300550,和仁科技,BK0737
301178,天亿马,BK0737
300379,东方通,BK0737
301339,通行宝,BK0737
002298,中电兴发,BK0737
603990,麦迪科技,BK0737
300925,法本信息,BK0737
603189,网达软件,BK0737
603508,思维列控,BK0737
300773,拉卡拉,BK0737
301248,杰创智能,BK0737
301236,软通动力,BK0737
002153,石基信息,BK0737
002212,天融信,BK0737
002362,汉王科技,BK0737
688296,和达科技,BK0737
688109,品茗科技,BK0737
600225,卓朗科技,BK0737
300556,丝路视觉,BK0737
002405,四维图新,BK0737
835670,数字人,BK0737
839790,联迪信息,BK0737
301162,国能日新,BK0737
002280,联络互动,BK0737
300789,唐源电气,BK0737
688031,星环科技-U,BK0737
301208,中亦科技,BK0737
301159,三维天地,BK0737
301213,观想科技,BK0737
301313,凡拓数创,BK0737
688327,云从科技-UW,BK0737
688171,纬德信息,BK0737
002063,远光软件,BK0737
300033,同花顺,BK0737
301218,华是科技,BK0737
300209,天泽信息,BK0737
600588,用友网络,BK0737
688588,凌志软件,BK0737
301197,工大科雅,BK0737
300344,立方数科,BK0737
300366,创意信息,BK0737
301179,泽宇智能,BK0737
300803,指南针,BK0737
601360,三六零,BK0737
000503,国新健康,BK0737
688060,云涌科技,BK0737
300098,高新兴,BK0737
300552,万集科技,BK0737
688207,格灵深瞳-U,BK0737
300845,捷安高科,BK0737
603206,嘉环科技,BK0737
603859,能科科技,BK0737
688555,泽达易盛,BK0737
301221,光庭信息,BK0737
300378,鼎捷软件,BK0737
300830,金现代,BK0737
002528,英飞拓,BK0737
688232,新点软件,BK0737
688095,福昕软件,BK0737
688291,C金橙子,BK0737
002778,中晟高科,BK0464
603798,康普顿,BK0464
603353,和顺石油,BK0464
600028,中国石化,BK0464
600938,中国海油,BK0464
601857,中国石油,BK0464
300839,博汇股份,BK0464
600256,广汇能源,BK0464
002221,东华能源,BK0464
600387,ST海越,BK0464
600759,ST洲际,BK0464
600688,上海石化,BK0464
600777,新潮能源,BK0464
000819,岳阳兴长,BK0464
000554,泰山石油,BK0464
000698,沈阳化工,BK0464
000096,广聚能源,BK0464
000159,国际实业,BK0464
000059,华锦股份,BK0464
000637,茂化实华,BK0464
603198,迎驾贡酒,BK0477
002568,百润股份,BK0477
600809,山西汾酒,BK0477
002304,洋河股份,BK0477
000568,泸州老窖,BK0477
000858,五 粮 液,BK0477
600696,岩石股份,BK0477
600132,重庆啤酒,BK0477
000729,燕京啤酒,BK0477
000596,古井贡酒,BK0477
603589,口子窖,BK0477
600702,舍得酒业,BK0477
000995,*ST皇台,BK0477
603779,威龙股份,BK0477
603369,今世缘,BK0477
200869,张  裕Ｂ,BK0477
600616,金枫酒业,BK0477
600084,中葡股份,BK0477
600559,老白干酒,BK0477
600600,青岛啤酒,BK0477
000869,张  裕Ａ,BK0477
002461,珠江啤酒,BK0477
601579,会稽山,BK0477
600059,古越龙山,BK0477
600519,贵州茅台,BK0477
600199,金种子酒,BK0477
200596,古井贡Ｂ,BK0477
600573,惠泉啤酒,BK0477
600779,水井坊,BK0477
603919,金徽酒,BK0477
600543,莫高股份,BK0477
000860,顺鑫农业,BK0477
600197,伊力特,BK0477
000752,*ST西发,BK0477
600238,海南椰岛,BK0477
600365,ST通葡,BK0477
000799,酒鬼酒,BK0477
002646,天佑德酒,BK0477
000929,兰州黄河,BK0477
688185,康希诺,BK1044
688276,百克生物,BK1044
300841,康华生物,BK1044
688278,特宝生物,BK1044
688180,君实生物-U,BK1044
000534,万泽股份,BK1044
300601,康泰生物,BK1044
688265,南模生物,BK1044
688302,海创药业-U,BK1044
688197,首药控股-U,BK1044
688235,百济神州-U,BK1044
839729,永顺生物,BK1044
688687,凯因科技,BK1044
430047,诺思兰德,BK1044
837344,三元基因,BK1044
688163,赛伦生物,BK1044
688193,仁度生物,BK1044
600161,天坛生物,BK1044
300122,智飞生物,BK1044
000661,长春高新,BK1044
301047,义翘神州,BK1044
688177,百奥泰,BK1044
300142,沃森生物,BK1044
688428,诺诚健华-U,BK1044
603590,康辰药业,BK1044
600867,XD通化东,BK1044
688520,神州细胞-U,BK1044
002581,未名医药,BK1044
688382,益方生物-U,BK1044
688073,毕得医药,BK1044
300009,安科生物,BK1044
688247,宣泰医药,BK1044
002880,卫光生物,BK1044
002252,上海莱士,BK1044
688046,药康生物,BK1044
300485,赛升药业,BK1044
000518,四环生物,BK1044
688373,盟科药业-U,BK1044
300239,东宝生物,BK1044
688062,迈威生物-U,BK1044
300357,我武生物,BK1044
600645,中源协和,BK1044
600530,交大昂立,BK1044
688336,三生国健,BK1044
300294,博雅生物,BK1044
603087,甘李药业,BK1044
688136,科兴制药,BK1044
002038,双鹭药业,BK1044
002007,华兰生物,BK1044
300683,海特生物,BK1044
000403,派林生物,BK1044
688426,C康为,BK1044
688253,英诺特,BK1044
300204,舒泰神,BK1044
688319,欧林生物,BK1044
301207,华兰疫苗,BK1044
688331,荣昌生物,BK1044
688176,亚虹医药-U,BK1044
688137,近岸蛋白,BK1044
002693,双成药业,BK1044
688488,艾迪药业,BK1044
688739,成大生物,BK1044
301155,海力风电,BK1032
300443,金雷股份,BK1032
300129,泰胜风能,BK1032
603218,日月股份,BK1032
002487,大金重工,BK1032
600416,湘电股份,BK1032
601615,明阳智能,BK1032
300690,双一科技,BK1032
002531,天顺风能,BK1032
300850,新强联,BK1032
603063,禾望电气,BK1032
300772,运达股份,BK1032
300569,天能重工,BK1032
300185,通裕重工,BK1032
688660,电气风电,BK1032
601218,吉鑫科技,BK1032
603507,振江股份,BK1032
002202,金风科技,BK1032
688349,三一重能,BK1032
600458,时代新材,BK1032
688600,皖仪科技,BK0458
300720,海川智能,BK0458
300445,康斯特,BK0458
002658,雪迪龙,BK0458
002819,东方中科,BK0458
603100,川仪股份,BK0458
688320,禾川科技,BK0458
002849,威星智能,BK0458
002767,先锋电子,BK0458
688628,优利德,BK0458
688768,容知日新,BK0458
688337,普源精电-U,BK0458
831305,海希通讯,BK0458
300515,三德科技,BK0458
836260,中寰股份,BK0458
832491,奥迪威,BK0458
300567,精测电子,BK0458
688112,鼎阳科技,BK0458
002338,奥普光电,BK0458
300553,集智股份,BK0458
300114,中航电测,BK0458
430685,新芝生物,BK0458
688056,莱伯泰科,BK0458
870299,灿能电力,BK0458
430476,海能技术,BK0458
603662,柯力传感,BK0458
300371,汇中股份,BK0458
301006,迈拓股份,BK0458
300349,金卡智能,BK0458
300897,山科智能,BK0458
300838,浙江力诺,BK0458
300370,*ST安控,BK0458
300306,远方信息,BK0458
300557,理工光科,BK0458
688528,秦川物联,BK0458
300007,汉威科技,BK0458
301129,瑞纳智能,BK0458
688115,思林杰,BK0458
300275,梅安森,BK0458
300667,必创科技,BK0458
002877,智能自控,BK0458
603700,宁水集团,BK0458
300112,万讯自控,BK0458
300862,蓝盾光电,BK0458
300354,东华测试,BK0458
300165,天瑞仪器,BK0458
301151,冠龙节能,BK0458
688665,四方光电,BK0458
688686,奥普特,BK0458
300417,南华仪器,BK0458
002175,东方网络,BK0458
001266,宏英智能,BK0458
002980,华盛昌,BK0458
605056,咸亨国际,BK0458
300259,新天科技,BK0458
300066,三川智慧,BK0458
601222,林洋能源,BK0458
688622,禾信仪器,BK0458
002411,*ST必康,BK1042
600767,*ST运盛,BK1042
002727,一心堂,BK1042
600998,九州通,BK1042
605266,健之佳,BK1042
603368,柳药集团,BK1042
600511,国药股份,BK1042
603939,益丰药房,BK1042
000705,浙江震元,BK1042
002872,ST天圣,BK1042
600833,第一医药,BK1042
603233,大参林,BK1042
600829,人民同泰,BK1042
603883,老百姓,BK1042
000028,国药一致,BK1042
600713,南京医药,BK1042
000950,重药控股,BK1042
603716,塞力医疗,BK1042
601607,上海医药,BK1042
002788,鹭燕医药,BK1042
002462,嘉事堂,BK1042
600056,中国医药,BK1042
301015,百洋医药,BK1042
000078,海王生物,BK1042
000411,英特集团,BK1042
002589,瑞康医药,BK1042
300937,药易购,BK1042
600272,开开实业,BK1042
301017,漱玉平民,BK1042
301263,泰恩康,BK1042
601336,新华保险,BK0474
601319,中国人保,BK0474
601628,中国人寿,BK0474
601318,中国平安,BK0474
601601,中国太保,BK0474
000627,天茂集团,BK0474
601788,光大证券,BK0473
601108,财通证券,BK0473
601878,浙商证券,BK0473
601901,方正证券,BK0473
600999,招商证券,BK0473
600837,海通证券,BK0473
601211,国泰君安,BK0473
601066,中信建投,BK0473
601555,东吴证券,BK0473
000166,申万宏源,BK0473
002736,国信证券,BK0473
600061,国投资本,BK0473
601688,华泰证券,BK0473
600369,西南证券,BK0473
002500,山西证券,BK0473
600918,中泰证券,BK0473
600030,中信证券,BK0473
600109,国金证券,BK0473
000783,长江证券,BK0473
601377,兴业证券,BK0473
002673,西部证券,BK0473
000750,国海证券,BK0473
600906,财达证券,BK0473
601375,中原证券,BK0473
601198,东兴证券,BK0473
002797,第一创业,BK0473
000776,广发证券,BK0473
601995,中金公司,BK0473
600095,湘财股份,BK0473
600958,东方证券,BK0473
002939,长城证券,BK0473
601990,南京证券,BK0473
002670,国盛金控,BK0473
601696,中银证券,BK0473
601162,天风证券,BK0473
002945,华林证券,BK0473
601236,红塔证券,BK0473
000728,国元证券,BK0473
601881,中国银河,BK0473
600621,华鑫股份,BK0473
601099,太平洋,BK0473
600155,华创阳安,BK0473
601456,国联证券,BK0473
002926,华西证券,BK0473
600864,哈投股份,BK0473
000686,东北证券,BK0473
000712,锦龙股份,BK0473
600909,华安证券,BK0473
000900,现代投资,BK0421
200429,粤高速Ｂ,BK0421
601188,龙江交通,BK0421
600377,宁沪高速,BK0421
000429,粤高速Ａ,BK0421
600620,天宸股份,BK0421
600548,深高速,BK0421
600033,福建高速,BK0421
600269,赣粤高速,BK0421
000885,城发环境,BK0421
600350,山东高速,BK0421
600020,中原高速,BK0421
600012,皖通高速,BK0421
001965,招商公路,BK0421
600611,大众交通,BK0421
601107,四川成渝,BK0421
002627,三峡旅游,BK0421
600035,楚天高速,BK0421
000548,湖南投资,BK0421
600834,申通地铁,BK0421
600368,五洲交通,BK0421
600106,重庆路桥,BK0421
601518,吉林高速,BK0421
600650,锦江在线,BK0421
000828,东莞控股,BK0421
600561,江西长运,BK0421
002357,富临运业,BK0421
600662,外服控股,BK0421
603069,海汽集团,BK0421
000755,山西路桥,BK0421
603032,德新交运,BK0421
603022,新通联,BK0733
002969,嘉美包装,BK0733
000659,珠海中富,BK0733
600210,紫江企业,BK0733
002014,永新股份,BK0733
838163,方大新材,BK0733
002303,美盈森,BK0733
603687,大胜达,BK0733
003003,天元股份,BK0733
002599,盛通股份,BK0733
002701,奥瑞金,BK0733
002228,合兴包装,BK0733
601968,宝钢包装,BK0733
002799,环球印务,BK0733
002787,华源控股,BK0733
300501,海顺新材,BK0733
301296,新巨丰,BK0733
002735,王子新材,BK0733
002374,中锐股份,BK0733
601515,东风股份,BK0733
002951,金时科技,BK0733
002846,英联股份,BK0733
301062,上海艾录,BK0733
600836,上海易连,BK0733
002752,昇兴股份,BK0733
002191,劲嘉股份,BK0733
301223,C中荣,BK0733
000812,陕西金叶,BK0733
002565,顺灏股份,BK0733
688228,开普云,BK0447
688636,智明达,BK0447
002912,中新赛克,BK0447
000606,*ST顺利,BK0447
603171,税友股份,BK0447
301171,易点天下,BK0447
300674,宇信科技,BK0447
300541,先进数通,BK0447
600536,中国软件,BK0447
600845,宝信软件,BK0447
688568,中科星图,BK0447
300290,荣科科技,BK0447
200045,深纺织Ｂ,BK0447
003005,竞业达,BK0447
002368,太极股份,BK0447
300231,银信科技,BK0447
838924,广脉科技,BK0447
688066,航天宏图,BK0447
301085,亚康股份,BK0447
002380,科远智慧,BK0447
300609,汇纳科技,BK0447
002657,中科金财,BK0447
300017,网宿科技,BK0447
900901,云赛Ｂ股,BK0447
600446,金证股份,BK0447
603887,城地香江,BK0447
300682,朗新科技,BK0447
300846,首都在线,BK0447
600131,国网信通,BK0447
300645,正元智慧,BK0447
300941,创识科技,BK0447
002316,*ST亚联,BK0447
002474,榕基软件,BK0447
300096,易联众,BK0447
600756,浪潮软件,BK0447
300271,华宇软件,BK0447
003010,若羽臣,BK0447
000555,神州信息,BK0447
688787,海天瑞声,BK0447
600271,航天信息,BK0447
600797,浙大网新,BK0447
002195,二三四五,BK0447
002530,金财互联,BK0447
603613,国联股份,BK0447
000997,新 大 陆,BK0447
300245,天玑科技,BK0447
002649,博彦科技,BK0447
603636,南威软件,BK0447
300168,万达信息,BK0447
600850,电科数字,BK0447
600410,华胜天成,BK0447
300166,东方国信,BK0447
002417,*ST深南,BK0447
603869,新智认知,BK0447
603881,数据港,BK0447
002609,捷顺科技,BK0447
300687,赛意信息,BK0447
000938,紫光股份,BK0447
300167,迪威迅,BK0447
300678,中科信息,BK0447
300634,彩讯股份,BK0447
605398,新炬网络,BK0447
300448,浩云科技,BK0447
600718,东软集团,BK0447
300248,新开普,BK0447
002421,达实智能,BK0447
002095,生 意 宝,BK0447
002373,千方科技,BK0447
603918,金桥信息,BK0447
603496,恒为科技,BK0447
300288,朗玛信息,BK0447
300300,海峡创新,BK0447
300419,浩丰科技,BK0447
002401,中远海科,BK0447
300250,初灵信息,BK0447
300212,易华录,BK0447
301110,青木股份,BK0447
300287,飞利信,BK0447
300383,光环新网,BK0447
300339,润和软件,BK0447
300399,天利科技,BK0447
300738,奥飞数据,BK0447
002315,焦点科技,BK0447
600228,返利科技,BK0447
300020,银江技术,BK0447
600476,湘邮科技,BK0447
300079,数码视讯,BK0447
300078,思创医惠,BK0447
688088,虹软科技,BK0447
300532,今天国际,BK0447
688365,光云科技,BK0447
688004,博汇科技,BK0447
300277,海联讯,BK0447
300895,铜牛信息,BK0447
300330,*ST计通,BK0447
600571,信雅达,BK0447
688051,佳华科技,BK0447
688500,慧辰股份,BK0447
000409,云鼎科技,BK0447
002990,盛视科技,BK0447
300508,维宏股份,BK0447
300059,东方财富,BK0447
002232,启明信息,BK0447
300523,辰安科技,BK0447
688509,正元地信,BK0447
688292,浩瀚深度,BK0447
300264,佳创视讯,BK0447
002605,姚记科技,BK0447
300269,ST联建,BK0447
300150,世纪瑞尔,BK0447
688316,青云科技-U,BK0447
600242,*ST中昌,BK0447
300440,运达科技,BK0447
300766,每日互动,BK0447
002131,利欧股份,BK0447
300872,天阳科技,BK0447
300226,上海钢联,BK0447
300297,*ST蓝盾,BK0447
002766,索菱股份,BK0447
688258,卓易信息,BK0447
688619,罗普特,BK0447
688039,当虹科技,BK0447
600070,浙江富润,BK0447
300324,旋极信息,BK0447
688229,博睿数据,BK0447
300044,赛为智能,BK0447
688158,优刻得-W,BK0447
301001,凯淳股份,BK0447
002264,新 华 都,BK0447
300496,中科创达,BK0447
002453,华软科技,BK0447
301380,C挖金客,BK0447
301299,卓创资讯,BK0447
002642,荣联科技,BK0447
301270,汉仪股份,BK0447
300170,汉得信息,BK0447
300785,值得买,BK0447
002331,皖通科技,BK0447
002771,真视通,BK0447
002777,久远银海,BK0447
601008,连云港,BK0450
601872,招商轮船,BK0450
601880,辽港股份,BK0450
201872,招港B,BK0450
603209,兴通股份,BK0450
601298,青岛港,BK0450
601919,中远海控,BK0450
601018,宁波港,BK0450
000582,北部湾港,BK0450
601326,秦港股份,BK0450
600026,中远海能,BK0450
600018,上港集团,BK0450
001872,招商港口,BK0450
601228,广州港,BK0450
601000,唐山港,BK0450
900952,锦港Ｂ股,BK0450
000905,厦门港务,BK0450
601866,中远海发,BK0450
000088,盐 田 港,BK0450
600017,日照港,BK0450
603167,渤海轮渡,BK0450
002040,南 京 港,BK0450
000507,珠海港,BK0450
001205,盛航股份,BK0450
600279,重庆港,BK0450
002320,海峡股份,BK0450
600717,天津港,BK0450
601975,招商南油,BK0450
600798,宁波海运,BK0450
600751,海航科技,BK0450
600190,锦州港,BK0450
000520,长航凤凰,BK0450
603565,中谷物流,BK0450
600428,中远海特,BK0450
300546,雄帝科技,BK0735
688208,道通科技,BK0735
300479,神思电子,BK0735
300531,优博讯,BK0735
000034,神州数码,BK0735
001339,智微智能,BK0735
002177,*ST御银,BK0735
002152,广电运通,BK0735
300130,新国都,BK0735
603019,中科曙光,BK0735
430198,微创光电,BK0735
002180,纳思达,BK0735
301042,安联锐视,BK0735
603660,苏州科达,BK0735
300042,朗科科技,BK0735
003004,声迅股份,BK0735
002376,新北洋,BK0735
000066,中国长城,BK0735
300155,安居宝,BK0735
300045,华力创通,BK0735
002577,雷柏科技,BK0735
688288,鸿泉物联,BK0735
300455,康拓红外,BK0735
603106,恒银科技,BK0735
600855,航天长峰,BK0735
600100,同方股份,BK0735
300368,汇金股份,BK0735
300270,中威电子,BK0735
002970,锐明技术,BK0735
002236,大华股份,BK0735
000977,浪潮信息,BK0735
300551,古鳌科技,BK0735
600764,中国海防,BK0735
688086,*ST紫晶,BK0735
300177,中海达,BK0735
002383,合众思壮,BK0735
301326,捷邦科技,BK0735
002512,达华智能,BK0735
002308,威创股份,BK0735
002415,海康威视,BK0735
300807,天迈科技,BK0735
300449,汉邦高科,BK0735
002835,同为股份,BK0735
300884,狄耐克,BK0735
603516,淳中科技,BK0735
002197,证通电子,BK0735
300771,智莱科技,BK0735
605599,菜百股份,BK0734
900905,老凤祥Ｂ,BK0734
200026,飞亚达Ｂ,BK0734
600612,老凤祥,BK0734
002345,潮宏基,BK0734
002356,赫美集团,BK0734
000026,飞亚达,BK0734
002731,萃华珠宝,BK0734
600916,中国黄金,BK0734
600655,豫园股份,BK0734
301177,迪阿股份,BK0734
002574,明牌珠宝,BK0734
002867,周大生,BK0734
002721,金一文化,BK0734
603900,莱绅通灵,BK0734
002740,ST爱迪尔,BK0734
000587,*ST金洲,BK0734
300945,曼卡龙,BK0734
300573,兴齐眼药,BK0465
000953,河化股份,BK0465
600613,神奇制药,BK0465
900904,神奇B股,BK0465
601089,福元医药,BK0465
688690,纳微科技,BK0465
603456,九洲药业,BK0465
832735,德源药业,BK0465
300016,北陆药业,BK0465
000931,中 关 村,BK0465
002793,罗欣药业,BK0465
300705,九典制药,BK0465
003020,立方制药,BK0465
688166,博瑞医药,BK0465
832566,梓橦宫,BK0465
688578,艾力斯-U,BK0465
600789,鲁抗医药,BK0465
688513,苑东生物,BK0465
900917,海欣Ｂ股,BK0465
000513,丽珠集团,BK0465
688505,复旦张江,BK0465
688566,吉贝尔,BK0465
605507,国邦医药,BK0465
002099,海翔药业,BK0465
000963,华东医药,BK0465
300725,药石科技,BK0465
002422,科伦药业,BK0465
600276,恒瑞医药,BK0465
600420,国药现代,BK0465
688658,悦康药业,BK0465
300363,博腾股份,BK0465
603811,诚意药业,BK0465
605177,东亚药业,BK0465
600664,哈药股份,BK0465
688117,圣诺生物,BK0465
300194,福安药业,BK0465
603168,莎普爱思,BK0465
300723,一品红,BK0465
002940,昂利康,BK0465
603367,辰欣药业,BK0465
688192,迪哲医药-U,BK0465
002102,ST冠福,BK0465
300255,常山药业,BK0465
600521,华海药业,BK0465
688266,泽璟制药-U,BK0465
002437,誉衡药业,BK0465
688799,华纳药厂,BK0465
000597,东北制药,BK0465
000623,吉林敖东,BK0465
600851,海欣股份,BK0465
002399,海普瑞,BK0465
002001,新 和 成,BK0465
301075,多瑞医药,BK0465
002773,康弘药业,BK0465
000739,普洛药业,BK0465
605116,奥锐特,BK0465
600513,联环药业,BK0465
002755,奥赛康,BK0465
300434,金石亚药,BK0465
603669,灵康药业,BK0465
002365,永安药业,BK0465
600196,复星医药,BK0465
300497,富祥药业,BK0465
300006,莱美药业,BK0465
300583,赛托生物,BK0465
000153,丰原药业,BK0465
300636,同和药业,BK0465
688356,键凯科技,BK0465
688553,汇宇制药-W,BK0465
600380,健康元,BK0465
300254,仟源医药,BK0465
002900,哈三联,BK0465
300158,振东制药,BK0465
300452,山河药辅,BK0465
000915,华特达因,BK0465
000952,广济药业,BK0465
002294,信立泰,BK0465
830946,森萱医药,BK0465
600488,津药药业,BK0465
688221,前沿生物-U,BK0465
002019,亿帆医药,BK0465
688091,上海谊众-U,BK0465
002393,力生制药,BK0465
300436,广生堂,BK0465
600812,华北制药,BK0465
002332,仙琚制药,BK0465
000766,通化金马,BK0465
000908,景峰医药,BK0465
300110,华仁药业,BK0465
603222,济民医疗,BK0465
300702,天宇股份,BK0465
603707,健友股份,BK0465
301258,富士莱,BK0465
600200,江苏吴中,BK0465
300381,溢多利,BK0465
300111,向日葵,BK0465
300558,贝达药业,BK0465
603229,奥翔药业,BK0465
002675,东诚药业,BK0465
300086,康芝药业,BK0465
002370,亚太药业,BK0465
000788,北大医药,BK0465
301089,拓新药业,BK0465
300267,尔康制药,BK0465
002898,赛隆药业,BK0465
002550,千红制药,BK0465
002435,长江健康,BK0465
300630,普利制药,BK0465
600227,圣济堂,BK0465
002020,京新药业,BK0465
600781,*ST辅仁,BK0465
300966,共同药业,BK0465
002923,润都股份,BK0465
301211,亨迪药业,BK0465
603538,美诺华,BK0465
688321,微芯生物,BK0465
002653,海思科,BK0465
000566,海南海药,BK0465
600267,海正药业,BK0465
688189,南新制药,BK0465
301130,西点药业,BK0465
600079,人福医药,BK0465
600062,华润双鹤,BK0465
300199,翰宇药业,BK0465
603676,卫信康,BK0465
002262,恩华药业,BK0465
688131,皓元医药,BK0465
000756,新华制药,BK0465
300584,海辰药业,BK0465
603520,司太立,BK0465
603351,威尔药业,BK0465
600216,浙江医药,BK0465
300233,金城医药,BK0465
300942,易瑞生物,BK0465
000813,德展健康,BK0465
002082,万邦德,BK0465
688670,金迪克,BK0465
300159,ST新研,BK0480
688237,超卓航科,BK0480
688239,航宇科技,BK0480
300474,景嘉微,BK0480
600862,中航高科,BK0480
000738,航发控制,BK0480
600760,中航沈飞,BK0480
688070,纵横股份,BK0480
600765,中航重机,BK0480
688586,江航装备,BK0480
600893,航发动力,BK0480
600118,中国卫星,BK0480
000768,中航西飞,BK0480
600391,航发科技,BK0480
600879,航天电子,BK0480
300900,广联航空,BK0480
688685,迈信林,BK0480
600372,中航电子,BK0480
300424,航新科技,BK0480
688297,中无人机,BK0480
600316,洪都航空,BK0480
002023,海特高新,BK0480
002933,新兴装备,BK0480
002013,中航机电,BK0480
600038,中直股份,BK0480
688510,航亚科技,BK0480
003009,中天火箭,BK0480
300965,恒宇信通,BK0480
300775,三角防务,BK0480
300696,爱乐达,BK0480
300722,新余国科,BK0480
000697,炼石航空,BK0480
300581,晨曦航空,BK0480
002985,北摩高科,BK0480
603261,立航科技,BK0480
002297,博云新材,BK0480
688287,观典防务,BK0480
300719,安达维尔,BK0480
002995,天地在线,BK0486
300392,*ST腾信,BK0486
300662,科锐国际,BK0486
300364,中文在线,BK0486
300860,锋尚文化,BK0486
600037,歌华有线,BK0486
000917,电广传媒,BK0486
601098,中南传媒,BK0486
300242,佳云科技,BK0486
300792,壹网壹创,BK0486
300770,新媒股份,BK0486
002803,吉宏股份,BK0486
600358,国旅联合,BK0486
000719,中原传媒,BK0486
301102,兆讯传媒,BK0486
002858,力盛体育,BK0486
600977,中国电影,BK0486
834021,流金岁月,BK0486
002235,安妮股份,BK0486
300061,旗天科技,BK0486
603230,内蒙新华,BK0486
300805,电声股份,BK0486
000156,华数传媒,BK0486
300426,唐德影视,BK0486
603533,掌阅科技,BK0486
605577,龙版传媒,BK0486
601019,山东出版,BK0486
601929,吉视传媒,BK0486
600052,东望时代,BK0486
600637,东方明珠,BK0486
603999,读者传媒,BK0486
600576,祥源文化,BK0486
000802,北京文化,BK0486
601921,浙版传媒,BK0486
002654,万润科技,BK0486
601949,中国出版,BK0486
600959,江苏有线,BK0486
300133,华策影视,BK0486
603598,引力传媒,BK0486
002905,金逸影视,BK0486
603888,新华网,BK0486
601858,中国科传,BK0486
600373,中文传媒,BK0486
000892,欢瑞世纪,BK0486
603096,新经典,BK0486
300781,因赛集团,BK0486
002739,万达电影,BK0486
300528,幸福蓝海,BK0486
601928,凤凰传媒,BK0486
601801,皖新传媒,BK0486
000038,*ST大通,BK0486
600831,广电网络,BK0486
601900,南方传媒,BK0486
601999,出版传媒,BK0486
002712,思美传媒,BK0486
600088,中视传媒,BK0486
600229,城市传媒,BK0486
300612,宣亚国际,BK0486
300413,芒果超媒,BK0486
601595,上海电影,BK0486
002400,省广集团,BK0486
300788,中信出版,BK0486
300291,百纳千成,BK0486
000676,智度股份,BK0486
603000,人民网,BK0486
001330,博纳影业,BK0486
000793,华闻集团,BK0486
300654,世纪天鸿,BK0486
600551,时代出版,BK0486
600936,广西广电,BK0486
603729,龙韵股份,BK0486
002238,天威视讯,BK0486
300071,福石控股,BK0486
600825,新华传媒,BK0486
300063,天龙集团,BK0486
603466,风语筑,BK0486
300251,光线传媒,BK0486
000607,华媒控股,BK0486
600136,ST明诚,BK0486
300027,华谊兄弟,BK0486
603103,横店影视,BK0486
600640,国脉文化,BK0486
300987,川网传媒,BK0486
300336,*ST新文,BK0486
605168,三人行,BK0486
600158,中体产业,BK0486
600556,天下秀,BK0486
603721,中广天择,BK0486
300795,米奥会展,BK0486
000665,湖北广电,BK0486
002751,*ST易尚,BK0486
002181,粤 传 媒,BK0486
002027,分众传媒,BK0486
002699,ST美盛,BK0486
000681,视觉中国,BK0486
002502,鼎龙文化,BK0486
301025,读客文化,BK0486
002343,慈文传媒,BK0486
300295,三六五网,BK0486
300947,德必集团,BK0486
300058,蓝色光标,BK0486
300280,紫天科技,BK0486
600986,浙文互联,BK0486
301052,果麦文化,BK0486
002292,奥飞娱乐,BK0486
600996,贵广网络,BK0486
601811,新华文轩,BK0486
603825,华扬联众,BK0486
300182,捷成股份,BK0486
600757,长江传媒,BK0486
300759,康龙化成,BK0727
688315,诺禾致源,BK0727
002821,凯莱英,BK0727
688621,阳光诺和,BK0727
603259,药明康德,BK0727
688202,美迪西,BK0727
301111,粤万年青,BK0727
300015,爱尔眼科,BK0727
603882,金域医学,BK0727
300244,迪安诊断,BK0727
200028,一致Ｂ,BK0727
301103,何氏眼科,BK0727
605186,健麾信息,BK0727
300149,睿智医药,BK0727
301096,百诚医药,BK0727
688222,成都先导,BK0727
688238,和元生物,BK0727
002219,新里程,BK0727
300347,泰格医药,BK0727
688246,嘉和美康,BK0727
000504,南华生物,BK0727
600763,通策医疗,BK0727
002044,美年健康,BK0727
300404,博济医药,BK0727
301201,诚达药业,BK0727
002173,创新医疗,BK0727
301333,诺思格,BK0727
000516,国际医学,BK0727
603108,润达医疗,BK0727
600721,百花医药,BK0727
603127,昭衍新药,BK0727
300143,盈康生命,BK0727
688076,诺泰生物,BK0727
002172,澳洋健康,BK0727
000150,*ST宜康,BK0727
301235,华康医疗,BK0727
301126,达嘉维康,BK0727
301239,普瑞眼科,BK0727
000509,华塑控股,BK0727
002524,光正眼科,BK0727
301033,迈普医学,BK0727
002972,科安达,BK0429
603766,隆鑫通用,BK0429
688187,时代电气,BK0429
603680,今创集团,BK0429
900915,中路Ｂ股,BK0429
689009,九号公司-WD,BK0429
900946,天雁B股,BK0429
603529,爱玛科技,BK0429
600679,上海凤凰,BK0429
000913,钱江摩托,BK0429
688459,哈铁科技,BK0429
605001,威奥股份,BK0429
688009,中国通号,BK0429
600818,中路股份,BK0429
600967,内蒙一机,BK0429
000017,深中华A,BK0429
601766,中国中车,BK0429
603111,康尼机电,BK0429
300851,交大思诺,BK0429
688569,铁科轨道,BK0429
300462,华铭智能,BK0429
688367,工大高科,BK0429
603129,春风动力,BK0429
603500,祥和实业,BK0429
605298,必得科技,BK0429
600495,晋西车轴,BK0429
688033,天宜上佳,BK0429
600099,林海股份,BK0429
200017,深中华B,BK0429
001696,宗申动力,BK0429
300923,研奥股份,BK0429
600528,中铁工业,BK0429
000976,华铁股份,BK0429
002105,信隆健康,BK0429
688285,高铁电气,BK0429
300906,日月明,BK0429
301048,金鹰重工,BK0429
688015,交控科技,BK0429
000008,神州高铁,BK0429
300594,朗进科技,BK0429
300011,鼎汉技术,BK0429
300351,永贵电器,BK0429
000925,众合科技,BK0429
300960,通业科技,BK0429
300994,久祺股份,BK0429
603787,新日股份,BK0429
301016,雷尔伟,BK0429
688618,三旺通信,BK0448
000032,深桑达Ａ,BK0448
688282,理工导航,BK0448
601869,长飞光纤,BK0448
600487,亨通光电,BK0448
000586,汇源通信,BK0448
300628,亿联网络,BK0448
300689,澄天伟业,BK0448
600734,ST实达,BK0448
603712,七一二,BK0448
300101,振芯科技,BK0448
002446,盛路通信,BK0448
600522,中天科技,BK0448
301191,菲菱科思,BK0448
003040,楚天龙,BK0448
600105,永鼎股份,BK0448
002829,星网宇达,BK0448
835640,富士达,BK0448
300308,中际旭创,BK0448
300065,海兰信,BK0448
900941,东信Ｂ股,BK0448
831961,创远信科,BK0448
603083,剑桥科技,BK0448
300627,华测导航,BK0448
300629,新劲刚,BK0448
000547,航天发展,BK0448
002491,通鼎互联,BK0448
600435,北方导航,BK0448
688313,仕佳光子,BK0448
600498,烽火通信,BK0448
002104,恒宝股份,BK0448
002465,海格通信,BK0448
603118,共进股份,BK0448
300565,科信技术,BK0448
300762,上海瀚讯,BK0448
200468,宁通信B,BK0448
600345,长江通信,BK0448
300615,欣天科技,BK0448
600083,博信股份,BK0448
603236,移远通信,BK0448
002281,光迅科技,BK0448
688100,威胜信息,BK0448
688311,盟升电子,BK0448
002413,雷科防务,BK0448
603042,华脉科技,BK0448
300698,万马科技,BK0448
003031,中瓷电子,BK0448
002017,东信和平,BK0448
688027,国盾量子,BK0448
688159,有方科技,BK0448
300555,路通视信,BK0448
002583,海能达,BK0448
002151,北斗星通,BK0448
000561,烽火电子,BK0448
000063,中兴通讯,BK0448
600776,东方通信,BK0448
600775,南京熊猫,BK0448
300502,新易盛,BK0448
688387,信科移动-U,BK0448
600462,ST九有,BK0448
688418,震有科技,BK0448
300711,广哈通信,BK0448
688175,高凌信息,BK0448
300213,佳讯飞鸿,BK0448
000851,高鸿股份,BK0448
000070,特发信息,BK0448
603803,瑞斯康达,BK0448
300414,中光防雷,BK0448
002194,武汉凡谷,BK0448
300353,东土科技,BK0448
002313,*ST日海,BK0448
300504,天邑股份,BK0448
301189,奥尼电子,BK0448
300913,兆龙互连,BK0448
300620,光库科技,BK0448
600990,四创电子,BK0448
002902,铭普光磁,BK0448
300548,博创科技,BK0448
600260,*ST凯乐,BK0448
688182,灿勤科技,BK0448
600562,国睿科技,BK0448
002977,天箭科技,BK0448
688668,鼎通科技,BK0448
600355,精伦电子,BK0448
300205,天喻信息,BK0448
002089,ST新海,BK0448
000836,富通信息,BK0448
688788,科思科技,BK0448
300563,神宇股份,BK0448
300590,移为通信,BK0448
300397,天和防务,BK0448
002396,星网锐捷,BK0448
300252,金信诺,BK0448
300394,天孚通信,BK0448
300710,万隆光电,BK0448
002897,意华股份,BK0448
002935,天奥电子,BK0448
300134,大富科技,BK0448
002792,通宇通讯,BK0448
300638,广和通,BK0448
300570,太辰光,BK0448
688132,邦彦技术,BK0448
600293,三峡新材,BK0448
002296,辉煌科技,BK0448
688080,映翰通,BK0448
600814,杭州解百,BK0482
600306,ST商城,BK0482
605188,国光连锁,BK0482
300622,博士眼镜,BK0482
600858,银座股份,BK0482
600738,丽尚国潮,BK0482
600859,王府井,BK0482
600729,重庆百货,BK0482
600790,轻纺城,BK0482
002416,爱施德,BK0482
600280,中央商场,BK0482
600628,新世界,BK0482
600861,北京城乡,BK0482
600774,汉商集团,BK0482
900923,百联Ｂ股,BK0482
600361,华联综超,BK0482
002697,红旗连锁,BK0482
600857,宁波中百,BK0482
600694,大商股份,BK0482
600122,ST宏图,BK0482
000882,华联股份,BK0482
601933,永辉超市,BK0482
600865,百大集团,BK0482
000417,合肥百货,BK0482
200058,深赛格B,BK0482
600697,欧亚集团,BK0482
600827,百联股份,BK0482
601366,利群股份,BK0482
600838,上海九百,BK0482
600824,益民集团,BK0482
000564,ST大集,BK0482
603101,汇嘉时代,BK0482
601010,文峰股份,BK0482
600682,南京新百,BK0482
002187,广百股份,BK0482
600415,小商品城,BK0482
600712,南宁百货,BK0482
600828,茂业商业,BK0482
002251,步 步 高,BK0482
002419,天虹股份,BK0482
603708,家家悦,BK0482
000785,居然之家,BK0482
601116,三江购物,BK0482
600778,友好集团,BK0482
000058,深 赛 格,BK0482
900943,开开Ｂ股,BK0482
002277,友阿股份,BK0482
600785,新华百货,BK0482
002024,ST易购,BK0482
002336,人人乐,BK0482
002818,富森美,BK0482
000715,中兴商业,BK0482
603214,爱婴室,BK0482
601828,美凯龙,BK0482
002561,徐家汇,BK0482
000419,通程控股,BK0482
603123,翠微股份,BK0482
000759,中百集团,BK0482
002344,海宁皮城,BK0482
600693,东百集团,BK0482
000701,厦门信达,BK0482
301078,孩子王,BK0482
000501,武商集团,BK0482
601086,国芳集团,BK0482
000679,大连友谊,BK0482
600287,江苏舜天,BK0482
605136,丽人丽妆,BK0482
600605,汇通能源,BK0482
000906,浙商中拓,BK0482
603726,朗迪集团,BK0456
001259,利仁科技,BK0456
002959,小熊电器,BK0456
000921,海信家电,BK0456
002614,奥佳华,BK0456
600336,澳柯玛,BK0456
605336,帅丰电器,BK0456
873339,恒太照明,BK0456
200521,虹美菱B,BK0456
000521,长虹美菱,BK0456
000651,格力电器,BK0456
601956,东贝集团,BK0456
603215,比依股份,BK0456
200512,闽灿坤Ｂ,BK0456
603303,得邦照明,BK0456
002035,华帝股份,BK0456
600690,海尔智家,BK0456
200016,深康佳Ｂ,BK0456
002052,*ST同洲,BK0456
002677,浙江美大,BK0456
002032,苏 泊 尔,BK0456
603219,富佳股份,BK0456
600060,海信视像,BK0456
603195,公牛集团,BK0456
603355,莱克电气,BK0456
002508,老板电器,BK0456
603515,欧普照明,BK0456
603579,荣泰健康,BK0456
002011,盾安环境,BK0456
600983,惠而浦,BK0456
605117,德业股份,BK0456
300272,开能健康,BK0456
603868,飞科电器,BK0456
603519,立霸股份,BK0456
300342,天银机电,BK0456
002519,银河电子,BK0456
600839,四川长虹,BK0456
000801,四川九洲,BK0456
002668,奥马电器,BK0456
603311,金海高科,BK0456
600261,阳光照明,BK0456
000404,长虹华意,BK0456
600619,海立股份,BK0456
605365,立达信,BK0456
688169,石头科技,BK0456
603677,奇精机械,BK0456
003023,彩虹集团,BK0456
002705,新宝股份,BK0456
002418,康盛股份,BK0456
000016,深康佳Ａ,BK0456
002676,顺威股份,BK0456
603551,奥普家居,BK0456
002429,兆驰股份,BK0456
301061,匠心家居,BK0456
002723,小崧股份,BK0456
603366,日出东方,BK0456
600854,春兰股份,BK0456
000333,美的集团,BK0456
605555,德昌股份,BK0456
002242,九阳股份,BK0456
002403,爱仕达,BK0456
603578,三星新材,BK0456
603112,华翔股份,BK0456
002050,三花智控,BK0456
300824,北鼎股份,BK0456
300911,亿田智能,BK0456
002005,ST德豪,BK0456
002420,毅昌科技,BK0456
002543,万和电气,BK0456
603657,春光科技,BK0456
002290,禾盛新材,BK0456
603486,科沃斯,BK0456
688609,九联科技,BK0456
002076,*ST雪莱,BK0456
300403,汉宇集团,BK0456
000810,创维数字,BK0456
300894,火星人,BK0456
300625,三雄极光,BK0456
301187,欧圣电气,BK0456
002860,星帅尔,BK0456
301008,宏昌科技,BK0456
002848,高斯贝尔,BK0456
300247,融捷健康,BK0456
300217,东方电热,BK0456
300160,秀强股份,BK0456
688793,倍轻松,BK0456
688696,极米科技,BK0456
002759,天际股份,BK0456
000541,佛山照明,BK0456
603931,格林达,BK1039
300576,容大感光,BK1039
603078,江化微,BK1039
688268,华特气体,BK1039
300054,鼎龙股份,BK1039
300236,上海新阳,BK1039
688019,安集科技,BK1039
300655,晶瑞电材,BK1039
300346,南大光电,BK1039
300481,濮阳惠成,BK1039
300537,广信材料,BK1039
688106,金宏气体,BK1039
300637,扬帆新材,BK1039
002741,光华科技,BK1039
002584,西陇科学,BK1039
300398,飞凯材料,BK1039
300446,乐凯新材,BK1039
300429,强力新材,BK1039
688359,三孚新科,BK1039
002643,万润股份,BK1039
688550,瑞联新材,BK1039
688551,科威尔,BK1034
300593,新雷能,BK1034
300153,科泰电源,BK1034
002366,*ST海核,BK1034
300820,英杰电气,BK1034
002335,科华数据,BK1034
600875,东方电气,BK1034
002630,华西能源,BK1034
601727,上海电气,BK1034
301327,华宝新能,BK1034
002534,西子洁能,BK1034
300693,盛弘股份,BK1034
600475,华光环能,BK1034
300376,易事特,BK1034
300870,欧陆通,BK1034
300491,通合科技,BK1034
600202,哈空调,BK1034
002227,奥 特 迅,BK1034
300713,英可瑞,BK1034
002665,首航高科,BK1034
002255,海陆重工,BK1034
600405,动力源,BK1034
002851,麦格米特,BK1034
300105,龙源技术,BK1034
002518,科士达,BK1034
002364,中恒电气,BK1034
688203,海正生材,BK0471
688295,中复神鹰,BK0471
000936,华西股份,BK0471
300777,中简科技,BK0471
688722,同益中,BK0471
000949,新乡化纤,BK0471
000420,吉林化纤,BK0471
836077,吉林碳谷,BK0471
002254,泰和新材,BK0471
600527,江南高纤,BK0471
300876,蒙泰高新,BK0471
002064,华峰化学,BK0471
301057,汇隆新材,BK0471
002427,*ST尤夫,BK0471
002493,荣盛石化,BK0471
601233,桐昆股份,BK0471
000677,恒天海龙,BK0471
600346,恒力石化,BK0471
000703,恒逸石化,BK0471
600063,皖维高新,BK0471
002998,优彩资源,BK0471
603225,新凤鸣,BK0471
600889,南京化纤,BK0471
601113,华鼎股份,BK0471
603332,苏州龙杰,BK0471
000301,东方盛虹,BK0471
600810,神马股份,BK0471
002206,海 利 得,BK0471
000782,美达股份,BK0471
600685,中船防务,BK0729
601989,中国重工,BK0729
600150,中国船舶,BK0729
600482,中国动力,BK0729
300008,天海防务,BK0729
601890,亚星锚链,BK0729
300600,国瑞科技,BK0729
300589,江龙船艇,BK0729
600072,中船科技,BK0729
300123,亚光科技,BK0729
600636,国新文化,BK0740
003032,传智教育,BK0740
300282,ST三盛,BK0740
900916,凤凰B股,BK0740
300359,全通教育,BK0740
002659,凯文教育,BK0740
300192,科德教育,BK0740
600455,博通股份,BK0740
600661,昂立教育,BK0740
605098,行动教育,BK0740
002607,中公教育,BK0740
300688,创业黑马,BK0740
600880,博瑞传播,BK0740
301231,荣信文化,BK0740
600730,中国高科,BK0740
002621,美吉姆,BK0740
000526,学大教育,BK0740
300010,豆神教育,BK0740
300089,*ST文化,BK0740
002638,勤上股份,BK0740
300338,ST开元,BK0740
603392,万泰生物,BK1041
300003,乐普医疗,BK1041
688351,微电生理-U,BK1041
300206,理邦仪器,BK1041
300832,新产业,BK1041
300869,康泰医学,BK1041
688617,惠泰医疗,BK1041
688198,佰仁医疗,BK1041
300406,九强生物,BK1041
002223,鱼跃医疗,BK1041
300633,开立医疗,BK1041
300314,戴维医疗,BK1041
688139,海尔生物,BK1041
688161,威高骨科,BK1041
300298,三诺生物,BK1041
688338,赛科希德,BK1041
688212,澳华内镜,BK1041
603658,安图生物,BK1041
002030,达安基因,BK1041
832278,鹿得医疗,BK1041
688677,海泰新光,BK1041
872925,锦好医疗,BK1041
300760,迈瑞医疗,BK1041
002022,*ST 科华,BK1041
300171,东富龙,BK1041
688085,三友医疗,BK1041
300639,凯普生物,BK1041
688217,睿昂基因,BK1041
300238,冠昊生物,BK1041
688301,奕瑞科技,BK1041
603122,合富中国,BK1041
603880,南卫股份,BK1041
688029,南微医学,BK1041
603301,振德医疗,BK1041
688068,热景生物,BK1041
688108,赛诺医疗,BK1041
002932,明德生物,BK1041
688271,联影医疗,BK1041
688399,硕世生物,BK1041
688393,安必平,BK1041
002950,奥美医疗,BK1041
688358,祥生医疗,BK1041
688114,华大智造,BK1041
688575,亚辉龙,BK1041
300642,透景生命,BK1041
300326,凯利泰,BK1041
002432,九安医疗,BK1041
688013,天臣医疗,BK1041
688016,心脉医疗,BK1041
688767,博拓生物,BK1041
688366,昊海生科,BK1041
300246,宝莱特,BK1041
688656,浩欧博,BK1041
301060,兰卫医学,BK1041
300289,利德曼,BK1041
688236,春立医疗,BK1041
002382,蓝帆医疗,BK1041
688289,圣湘生物,BK1041
300273,*ST和佳,BK1041
600587,新华医疗,BK1041
300453,三鑫医疗,BK1041
002901,大博医疗,BK1041
688606,奥泰生物,BK1041
300358,楚天科技,BK1041
300676,华大基因,BK1041
300030,阳普医疗,BK1041
300685,艾德生物,BK1041
600529,山东药玻,BK1041
002817,黄山胶囊,BK1041
300463,迈克生物,BK1041
300439,美康生物,BK1041
688607,康众医疗,BK1041
603387,基蛋生物,BK1041
688389,普门科技,BK1041
688050,爱博医疗,BK1041
300318,博晖创新,BK1041
300653,正海生物,BK1041
000710,贝瑞基因,BK1041
301234,五洲医疗,BK1041
300562,乐心医疗,BK1041
600055,万东医疗,BK1041
688613,奥精医疗,BK1041
688075,安旭生物,BK1041
688277,天智航-U,BK1041
688314,康拓医疗,BK1041
688580,伟思医疗,BK1041
605369,拱东医疗,BK1041
300981,中红医疗,BK1041
688067,爱威科技,BK1041
300677,英科医疗,BK1041
300049,福瑞股份,BK1041
301363,美好医疗,BK1041
688298,东方生物,BK1041
688105,诺唯赞,BK1041
002551,尚荣医疗,BK1041
688626,翔宇医疗,BK1041
300753,爱朋医疗,BK1041
688273,麦澜德,BK1041
603987,康德莱,BK1041
688468,科美诊断,BK1041
300396,迪瑞医疗,BK1041
603309,维力医疗,BK1041
301087,可孚医疗,BK1041
300595,欧普康视,BK1041
603976,正川股份,BK1041
688317,之江生物,BK1041
301093,华兰股份,BK1041
300482,万孚生物,BK1041
301097,天益医疗,BK1041
301122,采纳股份,BK1041
300529,健帆生物,BK1041
300512,中亚股份,BK0910
002757,南兴股份,BK0910
002209,达 意 隆,BK0910
831152,昆工科技,BK0910
601038,一拖股份,BK0910
603800,道森股份,BK0910
688789,宏华数科,BK0910
300950,德固特,BK0910
688283,坤恒顺维,BK0910
688082,盛美上海,BK0910
603960,克来机电,BK0910
603912,佳力图,BK0910
300833,浩洋股份,BK0910
600520,文一科技,BK0910
603901,永创智能,BK0910
688596,正帆科技,BK0910
301011,华立科技,BK0910
000821,京山轻机,BK0910
002957,科瑞技术,BK0910
300400,劲拓股份,BK0910
688377,迪威尔,BK0910
301018,申菱环境,BK0910
831856,浩淼科技,BK0910
002833,弘亚数控,BK0910
300724,捷佳伟创,BK0910
834475,三友科技,BK0910
002353,杰瑞股份,BK0910
301030,仕净科技,BK0910
002111,威海广泰,BK0910
688113,联测科技,BK0910
300486,东杰智能,BK0910
688097,博众精工,BK0910
603011,合锻智能,BK0910
002021,ST中捷,BK0910
301138,华研精机,BK0910
688698,伟创电气,BK0910
603356,华菱精工,BK0910
001336,楚环科技,BK0910
688529,豪森股份,BK0910
688378,奥来德,BK0910
002430,杭氧股份,BK0910
300509,新美星,BK0910
603690,至纯科技,BK0910
688329,艾隆科技,BK0910
002960,青鸟消防,BK0910
300442,润泽科技,BK0910
603029,天鹅股份,BK0910
300293,蓝英装备,BK0910
002691,冀凯股份,BK0910
600560,金自天正,BK0910
002779,中坚科技,BK0910
002526,山东矿机,BK0910
300619,金银河,BK0910
300802,矩子科技,BK0910
002667,鞍重股份,BK0910
002690,美亚光电,BK0910
835892,中科美菱,BK0910
601106,中国一重,BK0910
688383,新益昌,BK0910
688092,爱科科技,BK0910
002595,豪迈科技,BK0910
300751,迈为股份,BK0910
603159,上海亚虹,BK0910
300004,南风股份,BK0910
002006,精功科技,BK0910
600579,克劳斯,BK0910
002774,快意电梯,BK0910
002625,光启技术,BK0910
688215,瑞晟智能,BK0910
603855,华荣股份,BK0910
001332,锡装股份,BK0910
600320,振华重工,BK0910
688700,东威科技,BK0910
002698,博实股份,BK0910
600894,广日股份,BK0910
603300,华铁应急,BK0910
300837,浙矿股份,BK0910
603203,快克股份,BK0910
603337,杰克股份,BK0910
603966,法兰泰克,BK0910
600582,天地科技,BK0910
603076,乐惠国际,BK0910
688499,利元亨,BK0910
600302,标准股份,BK0910
600843,上工申贝,BK0910
300931,通用电梯,BK0910
600835,上海机电,BK0910
603895,天永智能,BK0910
838670,恒进感应,BK0910
300776,帝尔激光,BK0910
301056,森赫股份,BK0910
688392,骄成超声,BK0910
002523,天桥起重,BK0910
301083,百胜智能,BK0910
300527,中船应急,BK0910
300549,优德精密,BK0910
002611,东方精工,BK0910
600262,北方股份,BK0910
603012,创力集团,BK0910
688001,华兴源创,BK0910
601608,中信重工,BK0910
300757,罗博特科,BK0910
603488,展鹏科技,BK0910
300472,新元科技,BK0910
600343,航天动力,BK0910
301200,大族数控,BK0910
301312,智立方,BK0910
688125,安达智能,BK0910
300540,蜀道装备,BK0910
300669,沪宁股份,BK0910
688310,迈得医疗,BK0910
688400,凌云光,BK0910
601399,国机重装,BK0910
300499,高澜股份,BK0910
300281,金明精机,BK0910
002184,海得控制,BK0910
002890,弘宇股份,BK0910
605286,同力日升,BK0910
603656,泰禾智能,BK0910
688155,先惠技术,BK0910
688518,联赢激光,BK0910
300173,福能东方,BK0910
835368,连城数控,BK0910
300480,光力科技,BK0910
600184,光电股份,BK0910
601798,蓝科高新,BK0910
002483,润邦股份,BK0910
300099,精准信息,BK0910
300484,蓝海华腾,BK0910
002278,神开股份,BK0910
002979,雷赛智能,BK0910
688128,中国电研,BK0910
002367,康力电梯,BK0910
600169,太原重工,BK0910
300402,宝色股份,BK0910
688630,芯碁微装,BK0910
002730,电光科技,BK0910
300048,合康新能,BK0910
603789,星光农机,BK0910
301158,德石股份,BK0910
688306,均普智能,BK0910
300461,田中精机,BK0910
301112,信邦智能,BK0910
300276,三丰智能,BK0910
301338,凯格精机,BK0910
003036,泰坦股份,BK0910
300411,金盾股份,BK0910
300875,捷强装备,BK0910
300382,斯莱克,BK0910
688312,燕麦科技,BK0910
002975,博杰股份,BK0910
688633,星球石墨,BK0910
603321,梅轮电梯,BK0910
300813,泰林生物,BK0910
300195,长荣股份,BK0910
688718,唯赛勃,BK0910
002535,ST林重,BK0910
600545,卓郎智能,BK0910
301070,开勒股份,BK0910
688090,瑞松科技,BK0910
300415,伊之密,BK0910
002651,利君股份,BK0910
603095,越剑智能,BK0910
605288,凯迪股份,BK0910
300836,佰奥智能,BK0910
000852,石化机械,BK0910
601606,长城军工,BK0910
000519,中兵红箭,BK0910
000584,哈工智能,BK0910
300521,爱司凯,BK0910
002337,赛象科技,BK0910
301043,绿岛风,BK0910
600499,科达制造,BK0910
603283,赛腾股份,BK0910
600501,航天晨光,BK0910
603025,大豪科技,BK0910
688255,凯尔达,BK0910
300307,慈星股份,BK0910
301128,强瑞技术,BK0910
300097,智云股份,BK0910
300471,厚普股份,BK0910
300879,大叶股份,BK0910
300818,耐普矿机,BK0910
300823,建科机械,BK0910
300103,达刚控股,BK0910
688160,步科股份,BK0910
600444,国机通用,BK0910
300865,大宏立,BK0910
301013,利和兴,BK0910
603583,捷昌驱动,BK0910
301053,远信工业,BK0910
688328,深科达,BK0910
603289,泰瑞机器,BK0910
603666,亿嘉和,BK0910
605167,利柏特,BK0910
603036,如通股份,BK0910
002816,和科达,BK0910
002527,新时达,BK0910
688151,华强科技,BK0910
603015,弘讯科技,BK0910
002786,银宝山新,BK0910
688121,卓然股份,BK0910
002031,巨轮智能,BK0910
603956,威派格,BK0910
002529,海源复材,BK0910
688559,海目星,BK0910
300902,国安达,BK0910
300412,迦南科技,BK0910
688162,巨一科技,BK0910
688218,江苏北人,BK0910
000856,冀东装备,BK0910
603169,兰石重装,BK0910
002837,英维克,BK0910
300151,昌红科技,BK0910
688170,德龙激光,BK0910
002073,软控股份,BK0910
301199,迈赫股份,BK0910
002689,远大智能,BK0910
002009,天奇股份,BK0910
688022,瀚川智能,BK0910
002334,英威腾,BK0910
002796,世嘉科技,BK0910
002490,山东墨龙,BK0910
603416,信捷电气,BK0910
688290,景业智能,BK0910
601100,恒立液压,BK0739
300201,*ST海伦,BK0739
603298,杭叉集团,BK0739
871245,威博液压,BK0739
873223,荣亿精密,BK0739
605305,中际联合,BK0739
834599,同力股份,BK0739
000157,中联重科,BK0739
001288,运机集团,BK0739
835174,五新隧装,BK0739
200055,方大Ｂ,BK0739
000425,徐工机械,BK0739
688425,铁建重工,BK0739
603338,浙江鼎力,BK0739
000528,柳    工,BK0739
600031,三一重工,BK0739
873169,七丰精工,BK0739
603611,诺力股份,BK0739
002097,山河智能,BK0739
600761,安徽合力,BK0739
605389,长龄液压,BK0739
002272,川润股份,BK0739
300022,吉峰科技,BK0739
300718,长盛轴承,BK0739
600815,厦工股份,BK0739
600817,宇通重工,BK0739
600984,建设机械,BK0739
600375,汉马科技,BK0739
301040,中环海陆,BK0739
000680,山推股份,BK0739
603638,艾迪精密,BK0739
002204,大连重工,BK0739
601226,华电重工,BK0739
000815,美利云,BK0470
002831,裕同科技,BK0470
200488,晨  鸣Ｂ,BK0470
600356,恒丰纸业,BK0470
002117,东港股份,BK0470
000488,晨鸣纸业,BK0470
002078,太阳纸业,BK0470
605377,华旺科技,BK0470
002067,景兴纸业,BK0470
603607,京华激光,BK0470
600963,岳阳林纸,BK0470
600103,青山纸业,BK0470
871553,凯腾精工,BK0470
600433,冠豪高新,BK0470
603499,翔港科技,BK0470
600567,山鹰国际,BK0470
605500,森林包装,BK0470
603733,仙鹤股份,BK0470
600308,华泰股份,BK0470
002521,齐峰新材,BK0470
603165,荣晟环保,BK0470
603863,松炀资源,BK0470
300883,龙利得,BK0470
002229,鸿博股份,BK0470
600966,博汇纸业,BK0470
600793,宜宾纸业,BK0470
600235,民丰特纸,BK0470
603058,永吉股份,BK0470
002836,新宏泽,BK0470
000695,滨海能源,BK0470
002012,凯恩股份,BK0470
605007,五洲特纸,BK0470
603429,集友股份,BK0470
000530,冰山冷热,BK0545
002347,泰尔股份,BK0545
603315,福鞍股份,BK0545
301029,怡合达,BK0545
003043,华亚智能,BK0545
200530,冰山B,BK0545
603969,银龙股份,BK0545
833943,优机股份,BK0545
605060,联德股份,BK0545
900910,海立Ｂ股,BK0545
836720,吉冈精密,BK0545
002843,泰嘉股份,BK0545
430418,苏轴股份,BK0545
688003,天准科技,BK0545
900925,机电Ｂ股,BK0545
831689,克莱特,BK0545
300260,新莱应材,BK0545
688333,铂力特,BK0545
002552,宝鼎科技,BK0545
603985,恒润股份,BK0545
603339,四方科技,BK0545
200054,建车B,BK0545
688697,纽威数控,BK0545
688251,井松智能,BK0545
200706,瓦轴B,BK0545
871396,常辅股份,BK0545
605259,绿田机械,BK0545
688577,浙海德曼,BK0545
603667,五洲新春,BK0545
002559,亚威股份,BK0545
830839,万通液压,BK0545
900947,振华Ｂ股,BK0545
300145,中金环境,BK0545
601369,陕鼓动力,BK0545
688557,兰剑智能,BK0545
900924,上工Ｂ股,BK0545
603331,百达精工,BK0545
301279,金道科技,BK0545
603308,应流股份,BK0545
300470,中密控股,BK0545
900920,动力Ｂ股,BK0545
003025,思进智能,BK0545
831768,拾比佰,BK0545
301309,万得凯,BK0545
300780,德恩精工,BK0545
200570,苏常柴Ｂ,BK0545
002122,ST天马,BK0545
603915,国茂股份,BK0545
002438,江苏神通,BK0545
603028,赛福天,BK0545
000880,潍柴重机,BK0545
603187,海容冷链,BK0545
300095,华伍股份,BK0545
300154,瑞凌股份,BK0545
430510,丰光精密,BK0545
002760,凤形股份,BK0545
002158,汉钟精机,BK0545
688305,科德数控,BK0545
688017,绿的谐波,BK0545
688355,明志科技,BK0545
300345,华民股份,BK0545
601177,杭齿前进,BK0545
301273,C瑞晨,BK0545
603757,大元泵业,BK0545
832885,星辰科技,BK0545
300092,科新机电,BK0545
301055,张小泉,BK0545
600421,华嵘控股,BK0545
200771,杭汽轮Ｂ,BK0545
300278,华昌达,BK0545
000410,*ST沈机,BK0545
836270,天铭科技,BK0545
688448,磁谷科技,BK0545
300441,鲍斯股份,BK0545
002639,雪人股份,BK0545
002426,胜利精密,BK0545
603269,海鸥股份,BK0545
301028,东亚机械,BK0545
300971,博亚精工,BK0545
002747,埃斯顿,BK0545
688558,国盛智科,BK0545
300607,拓斯达,BK0545
603699,纽威股份,BK0545
000969,安泰科技,BK0545
601002,晋亿实业,BK0545
603278,大业股份,BK0545
300193,佳士科技,BK0545
002046,国机精工,BK0545
301125,腾亚精工,BK0545
301107,瑜欣电子,BK0545
600243,青海华鼎,BK0545
603131,上海沪工,BK0545
688059,华锐精密,BK0545
300126,锐奇股份,BK0545
000777,中核科技,BK0545
300953,震裕科技,BK0545
600114,东睦股份,BK0545
000816,智慧农业,BK0545
002685,华东重机,BK0545
600860,京城股份,BK0545
300946,恒而达,BK0545
688165,埃夫特-U,BK0545
002633,申科股份,BK0545
688028,沃尔德,BK0545
300700,岱勒新材,BK0545
000039,中集集团,BK0545
300179,四方达,BK0545
300421,力星股份,BK0545
301032,新柴股份,BK0545
001268,联合精密,BK0545
300488,恒锋工具,BK0545
600481,双良节能,BK0545
600558,大西洋,BK0545
300420,五洋停车,BK0545
002884,凌霄泵业,BK0545
605100,华丰股份,BK0545
002903,宇环数控,BK0545
603090,宏盛股份,BK0545
002164,宁波东力,BK0545
300091,金通灵,BK0545
600592,龙溪股份,BK0545
002282,博深股份,BK0545
002896,中大力德,BK0545
688308,欧科亿,BK0545
605123,派克新材,BK0545
000811,冰轮环境,BK0545
301079,邵阳液压,BK0545
688360,德马科技,BK0545
002686,亿利达,BK0545
300024,机器人,BK0545
300817,双飞股份,BK0545
002965,祥鑫科技,BK0545
000890,法尔胜,BK0545
301137,哈焊华通,BK0545
301268,铭利达,BK0545
603088,宁波精达,BK0545
300943,春晖智控,BK0545
300885,海昌新材,BK0545
300853,申昊科技,BK0545
688455,科捷智能,BK0545
300809,华辰装备,BK0545
300080,易成新能,BK0545
301063,海锅股份,BK0545
603277,银都股份,BK0545
300503,昊志机电,BK0545
002026,山东威达,BK0545
002931,锋龙股份,BK0545
603617,君禾股份,BK0545
300228,富瑞特装,BK0545
301163,宏德股份,BK0545
002444,巨星科技,BK0545
300464,星徽股份,BK0545
300985,致远新能,BK0545
002342,巨力索具,BK0545
300606,金太阳,BK0545
300161,华中数控,BK0545
002132,恒星科技,BK0545
300430,诚益通,BK0545
600215,派斯林,BK0545
001226,拓山重工,BK0545
300554,三超新材,BK0545
002943,宇晶股份,BK0545
000837,秦川机床,BK0545
601882,海天精工,BK0545
002871,伟隆股份,BK0545
300257,开山股份,BK0545
688379,华光新材,BK0545
000595,宝塔实业,BK0545
300992,泰福泵业,BK0545
002150,通润装备,BK0545
002480,新筑股份,BK0545
300988,津荣天宇,BK0545
300984,金沃股份,BK0545
300990,同飞股份,BK0545
002795,永和智控,BK0545
300263,隆华科技,BK0545
600992,贵绳股份,BK0545
002514,宝馨科技,BK0545
002248,华东数控,BK0545
002598,山东章鼓,BK0545
002520,日发精机,BK0545
002640,跨境通,BK0484
301099,雅创电子,BK0484
900927,物贸Ｂ股,BK0484
837242,建邦科技,BK0484
601028,玉龙股份,BK0484
603003,龙宇燃油,BK0484
600278,东方创业,BK0484
600608,ST沪科,BK0484
600981,汇鸿集团,BK0484
600153,建发股份,BK0484
600826,兰生股份,BK0484
600647,同达创业,BK0484
600241,ST时万,BK0484
000019,深粮控股,BK0484
600149,廊坊发展,BK0484
603071,物产环能,BK0484
000151,中成股份,BK0484
600710,苏美达,BK0484
600250,南纺股份,BK0484
600739,辽宁成大,BK0484
600128,弘业股份,BK0484
600755,厦门国贸,BK0484
300184,力源信息,BK0484
002127,南极电商,BK0484
300755,华致酒行,BK0484
000061,农 产 品,BK0484
000829,天音控股,BK0484
600301,南化股份,BK0484
600058,五矿发展,BK0484
000626,远大控股,BK0484
002091,江苏国泰,BK0484
001316,润贝航科,BK0484
300975,商络电子,BK0484
600753,东方银星,BK0484
600822,上海物贸,BK0484
002505,鹏都农牧,BK0484
300864,南大环境,BK0728
603279,景津装备,BK0728
300203,聚光科技,BK0728
301148,嘉戎技术,BK0728
688659,元琛科技,BK0728
300262,巴安水务,BK0728
002887,绿茵生态,BK0728
300614,百川畅银,BK0728
600388,ST龙净,BK0728
688156,路德环境,BK0728
603324,盛剑环境,BK0728
301068,大地海洋,BK0728
601200,上海环境,BK0728
832145,恒合股份,BK0728
831370,新安洁,BK0728
600217,中再资环,BK0728
688501,青达环保,BK0728
688101,三达膜,BK0728
605081,太和水,BK0728
000546,金圆股份,BK0728
688309,*ST恒誉,BK0728
002717,岭南股份,BK0728
688370,丛麟科技,BK0728
300190,维尔利,BK0728
301109,军信股份,BK0728
000005,ST星源,BK0728
600526,菲达环保,BK0728
300388,节能国祯,BK0728
300664,鹏鹞环保,BK0728
836263,中航泰达,BK0728
603797,联泰环保,BK0728
688679,通源环境,BK0728
603817,海峡环保,BK0728
300422,博世科,BK0728
000967,盈峰环境,BK0728
000711,京蓝科技,BK0728
300210,森远股份,BK0728
301259,艾布鲁,BK0728
688701,卓锦股份,BK0728
300692,中环环保,BK0728
002266,浙富控股,BK0728
603686,福龙马,BK0728
300335,迪森股份,BK0728
300055,万邦达,BK0728
603903,中持股份,BK0728
688178,万德斯,BK0728
601330,绿色动力,BK0728
603359,东珠生态,BK0728
300070,碧水源,BK0728
002645,华宏科技,BK0728
300355,蒙草生态,BK0728
300187,永清环保,BK0728
688069,德林海,BK0728
300197,节能铁汉,BK0728
601827,三峰环境,BK0728
605069,正和生态,BK0728
300056,中创环保,BK0728
301127,天源环保,BK0728
603200,上海洗霸,BK0728
002672,东江环保,BK0728
002310,东方园林,BK0728
300137,先河环保,BK0728
603568,伟明环保,BK0728
000551,创元科技,BK0728
301081,严牌股份,BK0728
300334,津膜科技,BK0728
301288,清研环境,BK0728
300779,惠城环保,BK0728
001230,劲旅环境,BK0728
603177,德创环保,BK0728
603588,高能环境,BK0728
300631,久吾高科,BK0728
300172,中电环保,BK0728
688565,力源科技,BK0728
002573,清新环境,BK0728
300961,深水海纳,BK0728
300899,上海凯鑫,BK0728
600292,远达环保,BK0728
300958,建工修复,BK0728
300425,中建环能,BK0728
300948,冠中生态,BK0728
603603,*ST博天,BK0728
300800,力合科技,BK0728
688466,金科环境,BK0728
688335,复洁环保,BK0728
000920,沃顿科技,BK0728
002479,富春环保,BK0728
003027,同兴环保,BK0728
000068,华控赛格,BK0728
300786,国林科技,BK0728
300385,雪浪环境,BK0728
301049,超越科技,BK0728
600323,瀚蓝环境,BK0728
300140,中环装备,BK0728
300867,圣元环保,BK0728
688096,京源环保,BK0728
300266,兴源环境,BK0728
688057,金达莱,BK0728
300929,华骐环保,BK0728
603126,中材节能,BK0728
000826,启迪环境,BK0728
301175,中科环保,BK0728
300495,*ST美尚,BK0728
300815,玉禾田,BK0728
300152,新动力,BK0728
000820,神雾节能,BK0728
300774,倍杰特,BK0728
000035,中国天楹,BK0728
002973,侨银股份,BK0728
600539,狮头股份,BK0728
688021,奥福环保,BK0728
300854,中兰环保,BK0728
002034,旺能环境,BK0728
002541,鸿路钢构,BK0424
002742,ST三圣,BK0424
003037,三和管桩,BK0424
000023,深天地Ａ,BK0424
002596,海南瑞泽,BK0424
600496,精工钢构,BK0424
601992,金隅集团,BK0424
600720,祁连山,BK0424
002302,西部建设,BK0424
600724,宁波富达,BK0424
002205,国统股份,BK0424
600449,宁夏建材,BK0424
600425,青松建化,BK0424
605122,四方新材,BK0424
603616,韩建河山,BK0424
002233,塔牌集团,BK0424
600678,四川金顶,BK0424
002671,龙泉股份,BK0424
600881,亚泰集团,BK0424
000401,冀东水泥,BK0424
600802,福建水泥,BK0424
002743,富煌钢构,BK0424
600326,西藏天路,BK0424
600668,尖峰集团,BK0424
600883,博闻科技,BK0424
600477,杭萧钢构,BK0424
000877,天山股份,BK0424
000789,万年青,BK0424
600585,海螺水泥,BK0424
000935,四川双马,BK0424
000672,上峰水泥,BK0424
600801,华新水泥,BK0424
003042,中农联合,BK0730
600538,国发股份,BK0730
603599,广信股份,BK0730
300575,中旗股份,BK0730
600731,湖南海利,BK0730
833819,颖泰生物,BK0730
200553,安道麦B,BK0730
300871,回盛生物,BK0730
000525,ST红太阳,BK0730
600226,ST瀚叶,BK0730
600486,扬农化工,BK0730
002391,长青股份,BK0730
002004,华邦健康,BK0730
002868,绿康生化,BK0730
688526,科前生物,BK0730
838275,驱动力,BK0730
300796,贝斯美,BK0730
002734,利民股份,BK0730
605033,美邦股份,BK0730
603360,百傲化学,BK0730
688098,申联生物,BK0730
603718,海利生物,BK0730
600596,新安股份,BK0730
603970,中农立华,BK0730
002250,联化科技,BK0730
603639,海利尔,BK0730
600389,江山股份,BK0730
600201,生物股份,BK0730
002942,新农股份,BK0730
600796,钱江生化,BK0730
603086,先达股份,BK0730
600195,中牧股份,BK0730
300119,瑞普生物,BK0730
001231,农心科技,BK0730
300261,雅本化学,BK0730
002496,辉丰股份,BK0730
603810,丰山集团,BK0730
002258,利尔化学,BK0730
603566,普莱柯,BK0730
002215,诺 普 信,BK0730
000553,安道麦A,BK0730
002513,蓝丰生化,BK0730
002749,国光股份,BK0730
301035,润丰股份,BK0730
603585,苏利股份,BK0730
001238,浙江正特,BK0476
002372,伟星新材,BK0476
002572,索菲亚,BK0476
002791,坚朗五金,BK0476
603208,江山欧派,BK0476
300616,尚品宅配,BK0476
603610,麒盛科技,BK0476
301227,森鹰窗业,BK0476
603816,顾家家居,BK0476
603737,三棵树,BK0476
002790,瑞尔特,BK0476
002271,东方雨虹,BK0476
603833,欧派家居,BK0476
603180,金牌厨柜,BK0476
600321,正源股份,BK0476
603992,松霖科技,BK0476
603856,东宏股份,BK0476
603226,菲林格尔,BK0476
603838,四通股份,BK0476
002694,顾地科技,BK0476
002641,公元股份,BK0476
300715,凯伦股份,BK0476
003012,东鹏控股,BK0476
603898,好莱客,BK0476
603313,梦百合,BK0476
002066,瑞泰科技,BK0476
603818,曲美家居,BK0476
600337,美克家居,BK0476
002457,青龙管业,BK0476
000910,大亚圣象,BK0476
002323,雅博股份,BK0476
002785,万里石,BK0476
002398,垒知集团,BK0476
603801,志邦家居,BK0476
600076,康欣新材,BK0476
002392,北京利尔,BK0476
002088,鲁阳节能,BK0476
300749,顶固集创,BK0476
001211,双枪科技,BK0476
603661,恒林股份,BK0476
601996,丰林集团,BK0476
603378,亚士创能,BK0476
300737,科顺股份,BK0476
603709,中源家居,BK0476
000786,北新建材,BK0476
002798,帝欧家居,BK0476
001216,华瓷股份,BK0476
002631,德尔未来,BK0476
300234,开尔新材,BK0476
603268,松发股份,BK0476
002652,扬子新材,BK0476
603600,永艺股份,BK0476
603326,我乐家居,BK0476
300198,纳川股份,BK0476
603389,亚振家居,BK0476
300599,雄塑科技,BK0476
300117,嘉寓股份,BK0476
002918,蒙娜丽莎,BK0476
002162,悦心健康,BK0476
603008,喜临门,BK0476
000619,海螺新材,BK0476
301010,晶雪节能,BK0476
002225,濮耐股份,BK0476
002718,友邦吊顶,BK0476
002043,兔 宝 宝,BK0476
002853,皮阿诺,BK0476
000663,永安林业,BK0476
002333,罗普斯金,BK0476
001322,箭牌家居,BK0476
600816,ST安信,BK0738
000567,海德股份,BK0738
600927,永安期货,BK0738
600901,江苏租赁,BK0738
000617,中油资本,BK0738
000415,渤海租赁,BK0738
000563,陕国投Ａ,BK0738
002423,中粮资本,BK0738
000987,越秀金控,BK0738
600643,爱建集团,BK0738
600120,浙江东方,BK0738
000666,经纬纺机,BK0738
600390,五矿资本,BK0738
600705,中航产融,BK0738
600599,ST熊猫,BK0738
603093,南华期货,BK0738
000416,民生控股,BK0738
001236,弘业期货,BK0738
000046,泛海控股,BK0738
600318,新力金融,BK0738
002961,瑞达期货,BK0738
600139,*ST西源,BK0738
600053,九鼎投资,BK0738
600830,香溢融通,BK0738
002647,仁东控股,BK0738
300309,*ST吉艾,BK0738
603955,大千生态,BK0425
600820,隧道股份,BK0425
600491,龙元建设,BK0425
601668,中国建筑,BK0425
600846,同济科技,BK0425
601868,中国能建,BK0425
601186,中国铁建,BK0425
601390,中国中铁,BK0425
830964,润农节水,BK0425
002542,中化岩土,BK0425
600170,上海建工,BK0425
603098,森特股份,BK0425
836149,旭杰科技,BK0425
300237,美晨生态,BK0425
601669,中国电建,BK0425
600039,四川路桥,BK0425
605303,园林股份,BK0425
603388,元成股份,BK0425
601618,中国中冶,BK0425
600248,陕西建工,BK0425
603815,交建股份,BK0425
601800,中国交建,BK0425
601117,中国化学,BK0425
600284,浦东建设,BK0425
301058,中粮科工,BK0425
002663,普邦股份,BK0425
300517,海波重科,BK0425
600133,东湖高新,BK0425
002060,粤 水 电,BK0425
002431,棕榈股份,BK0425
002051,中工国际,BK0425
603163,圣晖集成,BK0425
000090,天健集团,BK0425
600853,龙建股份,BK0425
002586,*ST围海,BK0425
300536,农尚环境,BK0425
600512,腾达建设,BK0425
601789,宁波建工,BK0425
002061,浙江交科,BK0425
600939,重庆建工,BK0425
601611,中国核建,BK0425
002135,东南网架,BK0425
603316,诚邦股份,BK0425
002775,文科园林,BK0425
603778,乾景园林,BK0425
002628,成都路桥,BK0425
002062,宏润建设,BK0425
301038,深水规院,BK0425
002307,北新路桥,BK0425
603637,镇海股份,BK0425
000010,美丽生态,BK0425
601068,中铝国际,BK0425
603176,汇通集团,BK0425
000628,高新发展,BK0425
603007,ST花王,BK0425
300649,杭州园林,BK0425
301098,金埔园林,BK0425
600970,中材国际,BK0425
600502,安徽建工,BK0425
605598,上海港湾,BK0425
002761,浙江建投,BK0425
300982,苏文电能,BK0425
002140,东华科技,BK0425
002941,新疆交建,BK0425
603843,正平股份,BK0425
600769,祥龙电业,BK0425
301024,霍普股份,BK0425
300712,永福股份,BK0425
603717,天域生态,BK0425
000065,北方国际,BK0425
001267,汇绿生态,BK0425
000498,山东路桥,BK0425
001269,欧晶科技,BK1031
688032,禾迈股份,BK1031
002459,晶澳科技,BK1031
688348,昱能科技,BK1031
300763,锦浪科技,BK1031
688223,晶科能源,BK1031
603806,福斯特,BK1031
688599,天合光能,BK1031
688516,奥特维,BK1031
002506,协鑫集成,BK1031
002309,ST中利,BK1031
601012,隆基绿能,BK1031
688303,大全能源,BK1031
600732,爱旭股份,BK1031
301168,通灵股份,BK1031
688556,高测股份,BK1031
688598,金博股份,BK1031
300316,晶盛机电,BK1031
300274,阳光电源,BK1031
600151,航天机电,BK1031
301278,快可电子,BK1031
300827,上能电气,BK1031
002865,钧达股份,BK1031
603105,芯能科技,BK1031
600438,通威股份,BK1031
688680,海优新材,BK1031
300393,中来股份,BK1031
002129,TCL中环,BK1031
603212,赛伍技术,BK1031
600207,安彩高科,BK1031
002610,爱康科技,BK1031
688390,固德威,BK1031
835985,海泰新能,BK1031
688560,明冠新材,BK1031
300118,东方日升,BK1031
603628,清源股份,BK1031
600537,亿晶光电,BK1031
300317,珈伟新能,BK1031
002218,拓日新能,BK1031
601865,福莱特,BK1031
002617,露笑科技,BK1031
300029,ST天龙,BK1031
603396,金辰股份,BK1031
300842,帝科股份,BK1031
688408,中信博,BK1031
002623,亚玛顿,BK1031
603185,上机数控,BK1031
301046,能辉科技,BK1031
300603,立昂技术,BK0736
688682,霍莱沃,BK0736
603421,鼎信通讯,BK0736
601728,中国电信,BK0736
600050,中国联通,BK0736
600941,中国移动,BK0736
600289,ST信通,BK0736
300578,会畅通讯,BK0736
300959,线上线下,BK0736
000971,ST高升,BK0736
603322,超讯通信,BK0736
601698,中国卫通,BK0736
600804,ST鹏博士,BK0736
688081,兴图新科,BK0736
603602,纵横通信,BK0736
002929,润建股份,BK0736
603559,中通国脉,BK0736
300597,吉大通信,BK0736
603220,中贝通信,BK0736
300560,中富通,BK0736
000889,ST中嘉,BK0736
002467,二六三,BK0736
002544,普天科技,BK0736
002908,德生科技,BK0736
300310,宜通世纪,BK0736
300183,东软载波,BK0736
300081,恒信东方,BK0736
300736,百邦科技,BK0736
300292,吴通控股,BK0736
301139,元道通信,BK0736
002123,梦网科技,BK0736
300050,世纪鼎利,BK0736
300211,亿通科技,BK0736
300513,恒实科技,BK0736
300025,华星创业,BK0736
002115,三维通信,BK0736
300921,南凌科技,BK0736
002148,北纬科技,BK0736
300571,平治信息,BK0736
002093,国脉科技,BK0736
002231,奥维通信,BK0736
603929,亚翔集成,BK0725
605289,罗曼股份,BK0725
300506,名家汇,BK0725
603081,大丰实业,BK0725
600193,创兴资源,BK0725
000055,方大集团,BK0725
834765,美之高,BK0725
603272,联翔股份,BK0725
833580,科创新材,BK0725
603216,梦天家居,BK0725
002789,建艺集团,BK0725
002504,ST弘高,BK0725
002081,金 螳 螂,BK0725
002620,瑞和股份,BK0725
002830,名雕股份,BK0725
603408,建霖家居,BK0725
002247,聚力文化,BK0725
300993,玉马遮阳,BK0725
002811,郑中设计,BK0725
605155,西大门,BK0725
002963,豪尔赛,BK0725
605268,王力安防,BK0725
605287,德才股份,BK0725
605318,法狮龙,BK0725
603038,华立股份,BK0725
603828,柯利达,BK0725
300374,中铁装配,BK0725
002482,ST广田,BK0725
002781,*ST奇信,BK0725
002856,美芝股份,BK0725
002375,亚厦股份,BK0725
002713,东易日盛,BK0725
605178,时空科技,BK0725
002047,宝鹰股份,BK0725
601886,江河集团,BK0725
002325,洪涛股份,BK0725
603385,惠达卫浴,BK0725
603030,全筑股份,BK0725
002084,海鸥住工,BK0725
301113,雅艺科技,BK0725
300592,华凯易佰,BK0725
002989,中天精装,BK0725
001212,中旗新材,BK0725
300621,维业股份,BK0725
831445,龙竹科技,BK0725
002822,中装建设,BK0725
600057,厦门象屿,BK0422
601816,京沪高铁,BK0422
603871,嘉友国际,BK0422
001228,永泰运,BK0422
603223,恒通股份,BK0422
002210,飞马国际,BK0422
200152,*ST山航B,BK0422
000557,西部创业,BK0422
601333,广深铁路,BK0422
900914,锦在线B,BK0422
603128,华贸物流,BK0422
002352,顺丰控股,BK0422
603813,原尚股份,BK0422
601006,大秦铁路,BK0422
600704,物产中大,BK0422
603648,畅联股份,BK0422
600125,铁龙物流,BK0422
001213,中铁特货,BK0422
603056,德邦股份,BK0422
601598,中国外运,BK0422
000927,中国铁物,BK0422
600119,长江投资,BK0422
001331,胜通能源,BK0422
603117,ST万林,BK0422
605050,福然德,BK0422
600575,淮河能源,BK0422
002010,传化智联,BK0422
600179,安通控股,BK0422
688211,中科微至,BK0422
601156,东航物流,BK0422
600794,保税科技,BK0422
002930,宏川智慧,BK0422
002769,普路通,BK0422
002889,东方嘉盛,BK0422
603713,密尔克卫,BK0422
600233,圆通速递,BK0422
300240,飞力达,BK0422
603569,长久物流,BK0422
002468,申通快递,BK0422
300873,海晨股份,BK0422
002492,恒基达鑫,BK0422
300350,华鹏飞,BK0422
300013,新宁物流,BK0422
603967,中创物流,BK0422
002183,怡 亚 通,BK0422
001317,三羊马,BK0422
603066,音飞储存,BK0422
603535,嘉诚国际,BK0422
002120,韵达股份,BK0422
603836,海程邦达,BK0422
002800,天顺股份,BK0422
600787,中储股份,BK0422
001202,炬申股份,BK0422
002682,龙洲股份,BK0422
603329,上海雅仕,BK0422
600180,瑞茂通,BK0422
688179,阿拉丁,BK1043
688133,泰坦科技,BK1043
688293,奥浦迈,BK1043
871753,天纺标,BK1043
831039,国义招标,BK1043
603060,国检集团,BK1043
301169,零点有数,BK1043
300938,信测标准,BK1043
301080,百普赛斯,BK1043
002967,广电计量,BK1043
300416,苏试试验,BK1043
603698,航天工程,BK1043
300797,钢研纳克,BK1043
301289,国缆检测,BK1043
603183,建研院,BK1043
003035,南网能源,BK1043
300012,华测检测,BK1043
301115,建科股份,BK1043
301166,优宁维,BK1043
300962,中金辐照,BK1043
873122,中纺标,BK1043
300572,安车检测,BK1043
003008,开普检测,BK1043
300215,电科院,BK1043
603776,永安行,BK1043
301257,普蕊斯,BK1043
301306,西测测试,BK1043
002878,元隆雅图,BK1043
300384,三联虹普,BK1043
301228,实朴检测,BK1043
300887,谱尼测试,BK1043
002564,天沃科技,BK1043
002057,中钢天源,BK1043
601199,江南水务,BK0427
600008,首创环保,BK0427
601158,重庆水务,BK0427
000598,兴蓉环境,BK0427
000685,中山公用,BK0427
600461,洪城环境,BK0427
600168,武汉控股,BK0427
600187,国中水务,BK0427
600283,钱江水利,BK0427
600874,创业环保,BK0427
601368,绿城水务,BK0427
001210,金房节能,BK0427
603759,海天股份,BK0427
900913,国新B股,BK0427
605162,新中港,BK0427
002893,华通热力,BK0427
003039,顺控发展,BK0427
605011,杭州热电,BK0427
000692,惠天热电,BK0427
000544,中原环保,BK0427
000605,渤海股份,BK0427
000886,海南高速,BK0451
000029,深深房Ａ,BK0451
600376,首开股份,BK0451
600665,天地源,BK0451
200029,深深房Ｂ,BK0451
000668,荣丰控股,BK0451
000809,ST新城,BK0451
002244,滨江集团,BK0451
900911,金桥Ｂ股,BK0451
600208,新湖中宝,BK0451
900940,大名城B,BK0451
001979,招商蛇口,BK0451
900928,临港B股,BK0451
600007,中国国贸,BK0451
900912,外高Ｂ股,BK0451
000616,ST海投,BK0451
600064,南京高科,BK0451
600648,外高桥,BK0451
900932,陆家Ｂ股,BK0451
600094,大名城,BK0451
000838,财信发展,BK0451
600266,城建发展,BK0451
200011,深物业B,BK0451
002133,广宇集团,BK0451
600162,香江控股,BK0451
600048,保利发展,BK0451
900902,市北B股,BK0451
600325,华发股份,BK0451
900903,大众Ｂ股,BK0451
000036,华联控股,BK0451
600807,济南高新,BK0451
000048,京基智农,BK0451
600895,张江高科,BK0451
000608,阳光股份,BK0451
200056,皇庭B,BK0451
900939,汇丽B,BK0451
601512,中新集团,BK0451
600185,格力地产,BK0451
600663,陆家嘴,BK0451
600649,城投控股,BK0451
600606,绿地控股,BK0451
600565,迪马股份,BK0451
600639,浦东金桥,BK0451
600743,华远地产,BK0451
600173,卧龙地产,BK0451
600675,中华企业,BK0451
000011,深物业A,BK0451
000517,荣安地产,BK0451
000031,大悦城,BK0451
000002,万  科Ａ,BK0451
000965,天保基建,BK0451
600246,万通发展,BK0451
600510,黑牡丹,BK0451
600708,光明地产,BK0451
600848,上海临港,BK0451
000402,金 融 街,BK0451
600684,珠江股份,BK0451
600533,栖霞建设,BK0451
600239,ST云城,BK0451
000897,津滨发展,BK0451
600823,世茂股份,BK0451
600383,金地集团,BK0451
000014,沙河股份,BK0451
600748,上实发展,BK0451
600622,光大嘉宝,BK0451
000718,苏宁环球,BK0451
600393,粤泰股份,BK0451
000667,美好置业,BK0451
002016,世荣兆业,BK0451
000926,福星股份,BK0451
600736,苏州高新,BK0451
000609,中迪投资,BK0451
600159,大龙地产,BK0451
600603,广汇物流,BK0451
000961,中南建设,BK0451
601155,新城控股,BK0451
000069,华侨城Ａ,BK0451
600466,蓝光发展,BK0451
600463,空港股份,BK0451
002314,南山控股,BK0451
000620,新华联,BK0451
600791,京能置业,BK0451
600234,科新发展,BK0451
000732,ST泰禾,BK0451
000514,渝 开 发,BK0451
600657,信达地产,BK0451
000573,粤宏远Ａ,BK0451
000797,中国武夷,BK0451
000558,莱茵体育,BK0451
600638,新黄浦,BK0451
600773,西藏城投,BK0451
600683,京投发展,BK0451
600077,宋都股份,BK0451
600340,华夏幸福,BK0451
000656,金科股份,BK0451
000863,三湘印象,BK0451
000042,中洲控股,BK0451
600641,万业企业,BK0451
600716,凤凰股份,BK0451
000918,嘉凯城,BK0451
600692,亚通股份,BK0451
002208,合肥城建,BK0451
002305,南国置业,BK0451
000006,深振业Ａ,BK0451
000736,中交地产,BK0451
600322,天房发展,BK0451
600067,冠城大通,BK0451
000671,阳 光 城,BK0451
000540,中天金融,BK0451
000631,顺发恒业,BK0451
600082,海泰发展,BK0451
600503,华丽家族,BK0451
600223,鲁商发展,BK0451
000007,全新好,BK1045
000560,我爱我家,BK1045
603506,南都物业,BK1045
600604,市北高新,BK1045
601588,北辰实业,BK1045
002968,新大正,BK1045
002146,荣盛发展,BK1045
001914,招商积余,BK1045
603682,锦和商管,BK1045
002377,国创高新,BK1045
002285,世联行,BK1045
600658,电子城,BK1045
000056,皇庭国际,BK1045
300917,特发服务,BK1045
002188,中天服务,BK1045
000529,广弘控股,BK0438
300858,科拓生物,BK0438
603317,天味食品,BK0438
600866,星湖科技,BK0438
003030,祖名股份,BK0438
605077,华康股份,BK0438
605388,均瑶健康,BK0438
200019,深粮B,BK0438
603777,来伊份,BK0438
301206,三元生物,BK0438
603102,百合股份,BK0438
600191,华资实业,BK0438
600186,莲花健康,BK0438
002840,华统股份,BK0438
831726,朱老六,BK0438
002910,庄园牧场,BK0438
002991,甘源食品,BK0438
002726,龙大美食,BK0438
600305,恒顺醋业,BK0438
001219,青岛食品,BK0438
300765,新诺威,BK0438
300401,花园生物,BK0438
300146,汤臣倍健,BK0438
002582,好想你,BK0438
002847,盐津铺子,BK0438
003000,劲仔食品,BK0438
002495,佳隆股份,BK0438
002557,洽洽食品,BK0438
300999,金龙鱼,BK0438
605499,东鹏饮料,BK0438
605179,一鸣食品,BK0438
300973,立高食品,BK0438
603536,惠发食品,BK0438
600189,泉阳泉,BK0438
002732,燕塘乳业,BK0438
300898,熊猫乳品,BK0438
600419,天润乳业,BK0438
000848,承德露露,BK0438
000972,ST中基,BK0438
605089,味知香,BK0438
603288,海天味业,BK0438
300997,欢乐家,BK0438
603517,绝味食品,BK0438
002507,涪陵榨菜,BK0438
605300,佳禾食品,BK0438
603027,千禾味业,BK0438
603886,元祖股份,BK0438
600073,上海梅林,BK0438
603866,桃李面包,BK0438
600300,维维股份,BK0438
605339,南侨食品,BK0438
002515,金字火腿,BK0438
603079,圣达生物,BK0438
600597,光明乳业,BK0438
600429,三元股份,BK0438
002820,桂发祥,BK0438
603156,养元饮品,BK0438
603020,爱普股份,BK0438
002956,西麦食品,BK0438
002719,麦趣尔,BK0438
001215,千味央厨,BK0438
002650,加加食品,BK0438
000895,双汇发展,BK0438
603696,安记食品,BK0438
600882,妙可蓝多,BK0438
603182,嘉华股份,BK0438
002695,煌上煌,BK0438
002702,海欣食品,BK0438
000639,西王食品,BK0438
300175,朗源股份,BK0438
600298,安琪酵母,BK0438
603235,天新药业,BK0438
688089,嘉必优,BK0438
605016,百龙创园,BK0438
603237,五芳斋,BK0438
002852,道道全,BK0438
300094,国联水产,BK0438
002597,金禾实业,BK0438
002216,三全食品,BK0438
605337,李子园,BK0438
002661,克明食品,BK0438
001318,阳光乳业,BK0438
300915,海融科技,BK0438
603711,香飘飘,BK0438
000716,黑芝麻,BK0438
605567,春雪食品,BK0438
600962,国投中鲁,BK0438
300106,西部牧业,BK0438
836826,盖世食品,BK0438
603345,安井食品,BK0438
002946,新乳业,BK0438
600381,青海春天,BK0438
603170,宝立食品,BK0438
600737,中粮糖业,BK0438
300783,三只松鼠,BK0438
000911,南宁糖业,BK0438
301116,益客食品,BK0438
002330,得利斯,BK0438
603755,日辰股份,BK0438
002570,贝因美,BK0438
002481,双塔食品,BK0438
300908,仲景食品,BK0438
002626,金达威,BK0438
300791,仙乐健康,BK0438
603719,良品铺子,BK0438
603697,有友食品,BK0438
600873,梅花生物,BK0438
300829,金丹科技,BK0438
300892,品渥食品,BK0438
605198,安德利,BK0438
603043,广州酒家,BK0438
300741,华宝股份,BK0438
002286,保龄宝,BK0438
605338,巴比食品,BK0438
600872,中炬高新,BK0438
002329,皇氏集团,BK0438
603057,紫燕食品,BK0438
600887,伊利股份,BK0438
300747,锐科激光,BK0459
002388,新亚制程,BK0459
002025,航天电器,BK0459
002179,中航光电,BK0459
000733,振华科技,BK0459
688375,国博电子,BK0459
688053,思科瑞,BK0459
833914,远航精密,BK0459
002288,超华科技,BK0459
688035,德邦科技,BK0459
301328,维峰电子,BK0459
833346,威贸电子,BK0459
688776,国光电气,BK0459
300516,久之洋,BK0459
871857,泓禧科技,BK0459
871981,晶赛科技,BK0459
200413,东旭B,BK0459
002729,好利科技,BK0459
200020,深华发Ｂ,BK0459
836395,朗鸿科技,BK0459
688103,国力股份,BK0459
301285,鸿日达,BK0459
605058,澳弘电子,BK0459
837821,则成电子,BK0459
002938,鹏鼎控股,BK0459
200541,粤照明Ｂ,BK0459
600288,大恒科技,BK0459
300124,汇川技术,BK0459
688662,富信科技,BK0459
603328,依顿电子,BK0459
603228,景旺电子,BK0459
002913,奥士康,BK0459
200725,京东方Ｂ,BK0459
002436,兴森科技,BK0459
300814,中富电路,BK0459
002214,大立科技,BK0459
002922,伊戈尔,BK0459
900938,海科B,BK0459
000823,超声电子,BK0459
600563,法拉电子,BK0459
603989,艾华集团,BK0459
300657,弘信电子,BK0459
600601,*ST方科,BK0459
605258,协和电子,BK0459
301021,英诺激光,BK0459
300964,本川智能,BK0459
002869,金溢科技,BK0459
300739,明阳电路,BK0459
688322,奥比中光-UW,BK0459
002463,沪电股份,BK0459
837212,智新电子,BK0459
002008,大族激光,BK0459
603678,火炬电子,BK0459
603002,宏昌电子,BK0459
688800,瑞可达,BK0459
300991,创益通,BK0459
300408,三环集团,BK0459
300475,香农芯创,BK0459
603386,骏亚科技,BK0459
688020,方邦股份,BK0459
688093,世华科技,BK0459
600183,生益科技,BK0459
600478,科力远,BK0459
301041,金百泽,BK0459
603738,泰晶科技,BK0459
002161,远 望 谷,BK0459
300227,光韵达,BK0459
603920,世运电路,BK0459
300936,中英科技,BK0459
002859,洁美科技,BK0459
002636,金安国纪,BK0459
002134,天津普林,BK0459
603267,鸿远电子,BK0459
300656,民德电子,BK0459
600237,铜峰电子,BK0459
300460,惠伦晶体,BK0459
300410,正业科技,BK0459
002138,顺络电子,BK0459
688210,统联精密,BK0459
002916,深南电路,BK0459
002815,崇达技术,BK0459
300220,金运激光,BK0459
300726,宏达电子,BK0459
600353,旭光电子,BK0459
002384,东山精密,BK0459
688519,南亚新材,BK0459
301150,中一科技,BK0459
688511,天微电子,BK0459
300868,杰美特,BK0459
603186,华正新材,BK0459
688655,迅捷兴,BK0459
002389,航天彩虹,BK0459
688183,生益电子,BK0459
301366,一博科技,BK0459
300852,四会富仕,BK0459
600884,杉杉股份,BK0459
002579,中京电子,BK0459
300903,科翔股份,BK0459
688778,厦钨新能,BK0459
301176,逸豪新材,BK0459
688371,菲沃泰,BK0459
301217,铜冠铜箔,BK0459
000636,风华高科,BK0459
002141,贤丰控股,BK0459
002484,江海股份,BK0459
002199,东晶电子,BK0459
300390,天华超净,BK0459
603936,博敏电子,BK0459
603052,可川科技,BK0459
300476,胜宏科技,BK0459
002414,高德红外,BK0459
002724,海洋王,BK0459
688025,杰普特,BK0459
000062,深圳华强,BK0459
301319,唯特偶,BK0459
002137,实益达,BK0459
000988,华工科技,BK0459
600152,维科技术,BK0459
000722,湖南发展,BK0428
000690,宝新能源,BK0428
600780,通宝能源,BK0428
600509,天富能源,BK0428
000883,湖北能源,BK0428
600900,长江电力,BK0428
003816,中国广核,BK0428
600578,京能电力,BK0428
600719,ST热电,BK0428
601985,中国核电,BK0428
600886,国投电力,BK0428
601908,京运通,BK0428
600396,金山股份,BK0428
600674,川投能源,BK0428
200539,粤电力Ｂ,BK0428
600101,明星电力,BK0428
600023,浙能电力,BK0428
200037,深南电B,BK0428
600025,华能水电,BK0428
000791,甘肃电投,BK0428
600969,郴电国际,BK0428
000875,吉电股份,BK0428
900957,凌云Ｂ股,BK0428
600905,三峡能源,BK0428
900937,*ST华电B,BK0428
600157,永泰能源,BK0428
600744,华银电力,BK0428
600726,*ST华源,BK0428
600821,金开新能,BK0428
600995,南网储能,BK0428
600868,梅雁吉祥,BK0428
000966,长源电力,BK0428
000155,川能动力,BK0428
000591,太阳能,BK0428
000027,深圳能源,BK0428
600098,广州发展,BK0428
605580,恒盛能源,BK0428
600167,联美控股,BK0428
600452,涪陵电力,BK0428
000543,皖能电力,BK0428
600236,桂冠电力,BK0428
000862,银星能源,BK0428
601619,嘉泽新能,BK0428
600795,国电电力,BK0428
001289,龙源电力,BK0428
600979,广安爱众,BK0428
600863,内蒙华电,BK0428
600642,申能股份,BK0428
001258,立新能源,BK0428
601778,晶科科技,BK0428
600483,福能股份,BK0428
600505,西昌电力,BK0428
002499,*ST科林,BK0428
000600,建投能源,BK0428
000040,东旭蓝天,BK0428
600310,桂东电力,BK0428
601016,节能风电,BK0428
000767,晋控电力,BK0428
002616,长青集团,BK0428
600011,华能国际,BK0428
600032,浙江新能,BK0428
002039,黔源电力,BK0428
002015,协鑫能科,BK0428
600982,宁波能源,BK0428
000037,深南电A,BK0428
000531,穗恒运Ａ,BK0428
000993,闽东电力,BK0428
605028,世茂能源,BK0428
600021,上海电力,BK0428
000601,韶能股份,BK0428
600116,三峡水利,BK0428
000899,赣能股份,BK0428
002608,江苏国信,BK0428
001896,豫能控股,BK0428
000537,广宇发展,BK0428
000539,粤电力Ａ,BK0428
600163,中闽能源,BK0428
600027,华电国际,BK0428
300125,聆达股份,BK0428
600212,绿能慧充,BK0428
600644,乐山电力,BK0428
603693,江苏新能,BK0428
601991,大唐发电,BK0428
002845,同兴达,BK1038
300323,华灿光电,BK1038
688401,路维光电,BK1038
600666,*ST瑞德,BK1038
002992,宝明科技,BK1038
002955,鸿合科技,BK1038
300582,英飞特,BK1038
605218,伟时电子,BK1038
301106,骏成科技,BK1038
300939,秋田微,BK1038
300232,洲明科技,BK1038
000725,京东方Ａ,BK1038
603703,盛洋科技,BK1038
688538,和辉光电-U,BK1038
003019,宸展光电,BK1038
000727,冠捷科技,BK1038
000100,TCL科技,BK1038
000536,华映科技,BK1038
600552,凯盛科技,BK1038
300128,锦富技术,BK1038
000413,东旭光电,BK1038
003015,日久光电,BK1038
300076,GQY视讯,BK1038
300808,久量股份,BK1038
300389,艾比森,BK1038
603679,华体科技,BK1038
603685,晨丰科技,BK1038
002222,福晶科技,BK1038
300889,爱克股份,BK1038
002983,芯瑞达,BK1038
002273,水晶光电,BK1038
000050,深天马Ａ,BK1038
600651,飞乐音响,BK1038
300088,长信科技,BK1038
688011,新光光电,BK1038
603297,永新光学,BK1038
688079,美迪凯,BK1038
300650,太龙股份,BK1038
300701,森霸传感,BK1038
002106,莱宝高科,BK1038
002217,合力泰,BK1038
688299,长阳科技,BK1038
002036,联创电子,BK1038
688272,富吉瑞,BK1038
300162,雷曼光电,BK1038
300296,利亚德,BK1038
688181,八亿时空,BK1038
002456,欧菲光,BK1038
688150,莱特光电,BK1038
688055,龙腾光电,BK1038
300790,宇瞳光学,BK1038
688010,福光股份,BK1038
300319,麦捷科技,BK1038
300909,汇创达,BK1038
301045,天禄科技,BK1038
300303,聚飞光电,BK1038
605118,力鼎光电,BK1038
600707,彩虹股份,BK1038
002745,木林森,BK1038
300241,瑞丰光电,BK1038
300708,聚灿光电,BK1038
002449,国星光电,BK1038
000045,深纺织Ａ,BK1038
002962,五方光电,BK1038
600363,联创光电,BK1038
603773,沃格光电,BK1038
300102,乾照光电,BK1038
002289,宇顺电子,BK1038
002587,奥拓电子,BK1038
688127,蓝特光学,BK1038
300331,苏大维格,BK1038
300301,*ST长方,BK1038
300545,联得装备,BK1038
300120,经纬辉开,BK1038
600703,三安光电,BK1038
002189,中光学,BK1038
600071,凤凰光学,BK1038
002387,维信诺,BK1038
000020,深华发Ａ,BK1038
688195,腾景科技,BK1038
300219,鸿利智汇,BK1038
301183,东田微,BK1038
300632,光莆股份,BK1038
300752,隆利科技,BK1038
002876,三利谱,BK1038
688205,德科立,BK1038
301321,翰博高新,BK1038
002808,恒久科技,BK1038
300691,联合光电,BK1038
300940,南极光,BK1038
301205,联特科技,BK1038
002765,蓝黛科技,BK1038
300566,激智科技,BK1038
002952,亚世光电,BK1038
601808,中海油服,BK1017
600871,石化油服,BK1017
605086,龙高股份,BK1017
600968,海油发展,BK1017
603619,中曼石油,BK1017
300191,潜能恒信,BK1017
600583,海油工程,BK1017
603505,金石资源,BK1017
300157,恒泰艾普,BK1017
300164,通源石油,BK1017
000762,西藏矿业,BK1017
603727,博迈科,BK1017
002683,广东宏大,BK1017
002207,准油股份,BK1017
603979,金诚信,BK1017
002554,惠博普,BK1017
300084,海默科技,BK1017
600339,中油工程,BK1017
002629,仁智股份,BK1017
002828,贝肯能源,BK1017
600803,新奥股份,BK1028
831010,凯添燃气,BK1028
603318,水发燃气,BK1028
601139,深圳燃气,BK1028
605368,蓝天燃气,BK1028
002259,ST升达,BK1028
600635,大众公用,BK1028
600681,百川能源,BK1028
300332,天壕环境,BK1028
603053,成都燃气,BK1028
600956,新天绿能,BK1028
603393,新天然气,BK1028
000669,ST金鸿,BK1028
603706,东方环宇,BK1028
002700,ST浩源,BK1028
603689,皖天然气,BK1028
002267,陕天然气,BK1028
600903,贵州燃气,BK1028
000968,蓝焰控股,BK1028
300435,中泰股份,BK1028
600617,国新能源,BK1028
603080,新疆火炬,BK1028
000407,胜利股份,BK1028
002911,佛燃能源,BK1028
000593,德龙汇能,BK1028
300483,首华燃气,BK1028
600917,重庆燃气,BK1028
600333,长春燃气,BK1028
605090,九丰能源,BK1028
605169,洪通燃气,BK1028
000421,南京公用,BK1028
300395,菲利华,BK1020
688281,华秦科技,BK1020
688357,建龙微纳,BK1020
603688,石英股份,BK1020
688300,联瑞新材,BK1020
603826,坤彩科技,BK1020
300743,天地数码,BK1020
836675,秉扬科技,BK1020
600516,方大炭素,BK1020
600783,鲁信创投,BK1020
839725,惠丰钻石,BK1020
300861,美畅股份,BK1020
300035,中科电气,BK1020
301071,力量钻石,BK1020
600330,天通股份,BK1020
688119,中钢洛耐,BK1020
002130,沃尔核材,BK1020
603612,索通发展,BK1020
838971,天马新材,BK1020
300409,道氏技术,BK1020
001296,长江材料,BK1020
600172,黄河旋风,BK1020
603260,合盛硅业,BK1020
688733,壹石通,BK1020
603196,日播时尚,BK0436
002486,嘉麟杰,BK0436
002291,星期六,BK0436
002875,安奈儿,BK0436
600987,航民股份,BK0436
002327,富安娜,BK0436
002154,报 喜 鸟,BK0436
600177,雅戈尔,BK0436
600398,海澜之家,BK0436
002029,七 匹 狼,BK0436
605138,盛泰集团,BK0436
301108,洁雅股份,BK0436
002503,搜于特,BK0436
002397,梦洁股份,BK0436
603665,康隆达,BK0436
600137,浪莎股份,BK0436
300005,探路者,BK0436
002404,嘉欣丝绸,BK0436
002098,浔兴股份,BK0436
200726,鲁  泰Ｂ,BK0436
600220,江苏阳光,BK0436
002674,兴业科技,BK0436
605003,众望布艺,BK0436
002485,*ST雪发,BK0436
603365,水星家纺,BK0436
301088,戎美股份,BK0436
601566,九牧王,BK0436
900922,三毛B股,BK0436
603908,牧高笛,BK0436
002776,ST柏龙,BK0436
002293,罗莱生活,BK0436
301276,嘉曼服饰,BK0436
603587,地素时尚,BK0436
002569,ST步森,BK0436
002144,宏达高科,BK0436
603808,歌力思,BK0436
002656,ST摩登,BK0436
002042,华孚时尚,BK0436
603608,天创时尚,BK0436
300526,*ST中潜,BK0436
002563,森马服饰,BK0436
603518,锦泓集团,BK0436
603958,哈森股份,BK0436
300918,南山智尚,BK0436
002832,比音勒芬,BK0436
002394,联发股份,BK0436
003041,真爱美家,BK0436
001209,洪兴股份,BK0436
605055,迎丰股份,BK0436
002722,物产金轮,BK0436
603555,贵人鸟,BK0436
000955,欣龙控股,BK0436
300901,中胤时尚,BK0436
002083,孚日股份,BK0436
300577,开润股份,BK0436
603558,健盛集团,BK0436
603001,奥康国际,BK0436
003016,欣贺股份,BK0436
002763,汇洁股份,BK0436
605189,富春染织,BK0436
600735,新华锦,BK0436
603889,新澳股份,BK0436
600493,凤竹纺织,BK0436
603116,红蜻蜓,BK0436
605080,浙江自然,BK0436
002087,新野纺织,BK0436
000850,华茂股份,BK0436
605180,华生科技,BK0436
000726,鲁  泰Ａ,BK0436
002687,乔治白,BK0436
000982,中银绒业,BK0436
002494,华斯股份,BK0436
600689,上海三毛,BK0436
300952,恒辉安防,BK0436
600232,金鹰股份,BK0436
601599,浙文影业,BK0436
600156,华升股份,BK0436
002269,美邦服饰,BK0436
603557,ST起步,BK0436
603839,安正时尚,BK0436
601718,际华集团,BK0436
600448,华纺股份,BK0436
301066,万事利,BK0436
002634,棒杰股份,BK0436
300840,酷特智能,BK0436
603877,太平鸟,BK0436
600107,美尔雅,BK0436
002780,三夫户外,BK0436
603511,爱慕股份,BK0436
001234,泰慕士,BK0436
002612,朗姿股份,BK0436
300979,华利集团,BK0436
300591,万里马,BK0436
002193,如意集团,BK0436
002003,伟星股份,BK0436
600630,龙头股份,BK0436
002762,金发拉比,BK0436
300877,金春股份,BK0436
300819,聚杰微纤,BK0436
601339,百隆东方,BK0436
603055,台华新材,BK0436
600400,红豆股份,BK0436
300675,建科院,BK0726
836892,广咨国际,BK0726
833427,华维设计,BK0726
002116,中国海诚,BK0726
300492,华图山鼎,BK0726
301091,深城交,BK0726
603909,建发合诚,BK0726
002949,华阳国际,BK0726
300983,尤安设计,BK0726
000779,甘咨询,BK0726
833873,中设咨询,BK0726
300778,新城市,BK0726
603018,华设集团,BK0726
002883,中设股份,BK0726
603458,勘设股份,BK0726
300284,苏交科,BK0726
603959,百利科技,BK0726
603357,设计总院,BK0726
300989,蕾奥规划,BK0726
300732,设研院,BK0726
000928,中钢国际,BK0726
300746,汉嘉设计,BK0726
300826,测绘股份,BK0726
600629,华建集团,BK0726
300500,启迪设计,BK0726
300564,筑博设计,BK0726
301167,建研设计,BK0726
300844,山水比德,BK0726
300949,奥雅股份,BK0726
300668,杰恩设计,BK0726
300635,中达安,BK0726
301136,招标股份,BK0726
603017,中衡设计,BK0726
300977,深圳瑞捷,BK0726
301027,华蓝集团,BK0726
603860,中公高科,BK0726
003013,地铁设计,BK0726
900906,中毅达B,BK0726
003001,中岩大地,BK0726
001300,三柏硕,BK0440
002301,齐心集团,BK0440
001323,慕思股份,BK0440
002678,珠江钢琴,BK0440
301101,明月镜片,BK0440
603899,晨光股份,BK0440
605099,共创草坪,BK0440
002899,英派斯,BK0440
600439,瑞贝卡,BK0440
002103,广博股份,BK0440
300329,海伦钢琴,BK0440
300640,德艺文创,BK0440
300651,金陵体育,BK0440
603848,好太太,BK0440
603398,沐邦高科,BK0440
002862,实丰文化,BK0440
002615,哈尔斯,BK0440
002348,高乐股份,BK0440
301336,趣睡科技,BK0440
002575,群兴玩具,BK0440
300703,创源股份,BK0440
605299,舒华体育,BK0440
002489,浙江永强,BK0440
002571,德力股份,BK0440
300729,乐歌股份,BK0440
001222,源飞宠物,BK0440
301004,嘉益股份,BK0440
300587,天铁股份,BK1018
601163,三角轮胎,BK1018
603650,彤程新材,BK1018
871642,通易航天,BK1018
300320,海达股份,BK1018
832225,利通科技,BK1018
600469,风神股份,BK1018
301233,盛帮股份,BK1018
601118,海南橡胶,BK1018
600182,S*ST佳通,BK1018
002381,双箭股份,BK1018
300121,阳谷华泰,BK1018
601500,通用股份,BK1018
000589,贵州轮胎,BK1018
603033,三维股份,BK1018
601966,玲珑轮胎,BK1018
002224,三 力 士,BK1018
002984,森麒麟,BK1018
601058,赛轮轮胎,BK1018
000599,青岛双星,BK1018
300767,震安科技,BK1018
002753,永东股份,BK1018
300547,川环科技,BK1018
300731,科创新源,BK1018
605183,确成股份,BK1018
002068,黑猫股份,BK1018
001207,联科科技,BK1018
002442,龙星化工,BK1018
000839,ST国安,BK0539
200025,特  力Ｂ,BK0539
000532,华金资本,BK0539
002758,浙农股份,BK0539
000158,常山北明,BK0539
600568,ST中珠,BK0539
000652,泰达股份,BK0539
600766,园城黄金,BK0539
600051,宁波联合,BK0539
000958,电投产融,BK0539
000803,山高环能,BK0539
600113,浙江东日,BK0539
600784,鲁银投资,BK0539
600805,悦达投资,BK0539
600673,东阳光,BK0539
600624,复旦复华,BK0539
000861,海印股份,BK0539
600770,综艺股份,BK0539
000009,中国宝安,BK0539
000833,粤桂股份,BK0539
000632,三木集团,BK0539
000576,甘化科工,BK0539
000909,数源科技,BK0539
002591,恒大高新,BK0539
300514,友讯达,BK0457
002606,大连电瓷,BK0457
603606,东方电缆,BK0457
000806,*ST银河,BK0457
833509,同惠电子,BK0457
300356,*ST光一,BK0457
834639,晨光电缆,BK0457
002546,新联电子,BK0457
600312,平高电气,BK0457
688611,杭州柯林,BK0457
002560,通达股份,BK0457
605222,起帆电缆,BK0457
603016,新宏泰,BK0457
600973,宝胜股份,BK0457
834682,球冠电缆,BK0457
000682,东方电子,BK0457
301031,中熔电气,BK0457
688676,金盘科技,BK0457
603191,望变电气,BK0457
601877,正泰电器,BK0457
300670,大烨智能,BK0457
300447,全信股份,BK0457
002471,中超控股,BK0457
688616,西力科技,BK0457
300360,炬华科技,BK0457
605066,天正电气,BK0457
605196,华通线缆,BK0457
002452,长高电新,BK0457
002451,摩恩电气,BK0457
300208,青岛中程,BK0457
002692,ST远程,BK0457
002058,威尔泰,BK0457
002927,泰永长征,BK0457
002270,华明装备,BK0457
300407,凯发电气,BK0457
300341,麦克奥迪,BK0457
300880,迦南智能,BK0457
603556,海兴电力,BK0457
601126,四方股份,BK0457
300141,和顺电气,BK0457
002953,日丰股份,BK0457
688226,威腾电气,BK0457
688517,金冠电气,BK0457
834062,科润智控,BK0457
600525,长园集团,BK0457
300427,红相股份,BK0457
300265,通光线缆,BK0457
300423,昇辉科技,BK0457
601616,广电电气,BK0457
600290,ST华仪,BK0457
002358,ST森源,BK0457
688597,煜邦电力,BK0457
600577,精达股份,BK0457
002028,思源电气,BK0457
601179,中国西电,BK0457
002857,三晖电气,BK0457
600590,泰豪科技,BK0457
300466,赛摩智能,BK0457
002256,兆新股份,BK0457
603861,白云电器,BK0457
601567,三星医疗,BK0457
300617,安靠智电,BK0457
600406,国电南瑞,BK0457
603577,汇金通,BK0457
002300,太阳电缆,BK0457
000533,顺钠股份,BK0457
600468,百利电气,BK0457
600089,特变电工,BK0457
688248,南网科技,BK0457
001208,华菱线缆,BK0457
600379,宝光股份,BK0457
600517,国网英大,BK0457
000400,许继电气,BK0457
300882,万胜智能,BK0457
300286,安科瑞,BK0457
600885,宏发股份,BK0457
603333,尚纬股份,BK0457
000720,新能泰山,BK0457
600112,ST天成,BK0457
300510,金冠股份,BK0457
300018,中元股份,BK0457
300283,温州宏丰,BK0457
002879,长缆科技,BK0457
300444,双杰电气,BK0457
688663,新风光,BK0457
301082,久盛电气,BK0457
301120,新特电气,BK0457
002346,柘中股份,BK0457
300222,科大智能,BK0457
300933,中辰股份,BK0457
688681,科汇股份,BK0457
300932,三友联众,BK0457
603070,万控智造,BK0457
002498,汉缆股份,BK0457
688191,智洋创新,BK0457
603829,洛凯股份,BK0457
301002,崧盛股份,BK0457
300062,中能电气,BK0457
603097,江苏华辰,BK0457
603897,长城科技,BK0457
300001,特锐德,BK0457
603530,神马电力,BK0457
002112,三变科技,BK0457
300069,金利华电,BK0457
002622,融钰集团,BK0457
002121,科陆电子,BK0457
002090,金智科技,BK0457
301012,扬电科技,BK0457
300040,九洲集团,BK0457
600268,国电南自,BK0457
603050,科林电气,BK0457
300477,合纵科技,BK0457
002533,金杯电工,BK0457
688330,宏力达,BK0457
300490,华自科技,BK0457
002169,智光电气,BK0457
002339,积成电子,BK0457
002350,北京科锐,BK0457
002882,金龙羽,BK0457
002706,良信股份,BK0457
601700,风范股份,BK0457
837046,亿能电力,BK0457
603618,杭电股份,BK0457
002441,众业达,BK0457
002276,万马股份,BK0457
600550,保变电气,BK0457
600869,远东股份,BK0457
600192,长城电工,BK0457
300230,永利股份,BK0454
832089,禾昌聚合,BK0454
688669,聚石化学,BK0454
600589,ST榕泰,BK0454
300596,利安隆,BK0454
603722,阿科力,BK0454
605008,长鸿高科,BK0454
002886,沃特股份,BK0454
300305,裕兴股份,BK0454
836871,派特尔,BK0454
688026,洁特生物,BK0454
002361,神剑股份,BK0454
002395,双象股份,BK0454
601208,东材科技,BK0454
603991,至正股份,BK0454
300717,华信新材,BK0454
301019,宁波色母,BK0454
301193,家联科技,BK0454
603615,茶花股份,BK0454
603150,万朗磁塑,BK0454
300221,银禧科技,BK0454
688585,上纬新材,BK0454
831834,三维股份,BK0454
603928,兴业股份,BK0454
603181,皇马科技,BK0454
300180,华峰超纤,BK0454
870204,沪江材料,BK0454
002263,大东南,BK0454
002632,道明光学,BK0454
603221,爱丽家居,BK0454
600135,乐凯胶片,BK0454
600143,金发科技,BK0454
301161,唯万密封,BK0454
300487,蓝晓科技,BK0454
301000,肇民科技,BK0454
300243,瑞丰高材,BK0454
002324,普利特,BK0454
002768,国恩股份,BK0454
603879,永悦科技,BK0454
002522,浙江众成,BK0454
300218,安利股份,BK0454
688219,会通股份,BK0454
301196,唯科科技,BK0454
300980,祥源新材,BK0454
300806,斯迪克,BK0454
301003,江苏博云,BK0454
603010,万盛股份,BK0454
605488,福莱新材,BK0454
688323,瑞华泰,BK0454
300214,日科化学,BK0454
003018,金富科技,BK0454
603580,艾艾精工,BK0454
000859,国风新材,BK0454
300644,南京聚隆,BK0454
000973,佛塑科技,BK0454
300478,杭州高新,BK0454
300922,天秦装备,BK0454
300716,国立科技,BK0454
002825,纳尔股份,BK0454
300538,同益股份,BK0454
301198,喜悦智行,BK0454
300905,宝丽迪,BK0454
002341,新纶新材,BK0454
688386,泛亚微透,BK0454
002108,沧州明珠,BK0454
300995,奇德新材,BK0454
300610,晨化股份,BK0454
300539,横河精密,BK0454
603330,上海天洋,BK0454
301131,聚赛龙,BK0454
301237,和顺科技,BK0454
003011,海象新材,BK0454
603266,天龙股份,BK0454
688087,英科再生,BK0454
002838,道恩股份,BK0454
300920,润阳科技,BK0454
300586,美联新材,BK0454
603051,鹿山新材,BK0454
002585,双星新材,BK0454
601020,华钰矿业,BK0478
688122,西部超导,BK0478
300855,图南股份,BK0478
002540,亚太科技,BK0478
688231,隆达股份,BK0478
002379,宏创控股,BK0478
688456,有研粉材,BK0478
000933,神火股份,BK0478
300489,光智科技,BK0478
603132,金徽股份,BK0478
688786,悦安新材,BK0478
000758,中色股份,BK0478
000688,国城矿业,BK0478
600362,江西铜业,BK0478
301266,宇邦新材,BK0478
600531,豫光金铅,BK0478
601168,西部矿业,BK0478
600255,鑫科材料,BK0478
300034,钢研高纳,BK0478
002806,华锋股份,BK0478
000426,兴业矿业,BK0478
603876,鼎胜新材,BK0478
688257,新锐股份,BK0478
000751,锌业股份,BK0478
002501,利源精制,BK0478
601600,中国铝业,BK0478
600219,南山铝业,BK0478
600497,驰宏锌锗,BK0478
000630,铜陵有色,BK0478
603045,福达合金,BK0478
600888,新疆众和,BK0478
000807,云铝股份,BK0478
601609,金田股份,BK0478
000603,盛达资源,BK0478
600768,宁波富邦,BK0478
601137,博威合金,BK0478
002203,海亮股份,BK0478
600331,宏达股份,BK0478
688102,斯瑞新材,BK0478
300986,志特新材,BK0478
300057,万顺新材,BK0478
300697,电工合金,BK0478
002578,闽发铝业,BK0478
000878,云南铜业,BK0478
002295,精艺股份,BK0478
002824,和胜股份,BK0478
002988,豪美新材,BK0478
300963,中洲特材,BK0478
600338,西藏珠峰,BK0478
601212,白银有色,BK0478
600961,株冶集团,BK0478
002160,常铝股份,BK0478
300337,银邦股份,BK0478
600490,鹏欣资源,BK0478
300930,屹通新材,BK0478
003038,鑫铂股份,BK0478
002114,罗平锌电,BK0478
300828,锐新科技,BK0478
000060,中金岭南,BK0478
601702,华峰铝业,BK0478
603978,深圳新星,BK0478
600595,中孚实业,BK0478
603527,众源新材,BK0478
000612,焦作万方,BK0478
603115,海星股份,BK0478
601677,明泰铝业,BK0478
000737,北方铜业,BK0478
002996,顺博合金,BK0478
601388,怡球资源,BK0478
603937,丽岛新材,BK0478
002532,天山铝业,BK0478
002182,云海金属,BK0478
002171,楚江新材,BK0478
839167,同享科技,BK0478
300176,派生科技,BK0481
002048,宁波华翔,BK0481
301186,超达装备,BK0481
002553,南方精工,BK0481
300391,康跃科技,BK0481
688326,经纬恒润-W,BK0481
603922,金鸿顺,BK0481
605018,长华集团,BK0481
600480,凌云股份,BK0481
603701,德宏股份,BK0481
603006,联明股份,BK0481
688071,华依科技,BK0481
605255,天普股份,BK0481
603158,腾龙股份,BK0481
600741,华域汽车,BK0481
300652,雷迪克,BK0481
833454,同心传动,BK0481
603358,华达科技,BK0481
603997,继峰股份,BK0481
832000,安徽凤凰,BK0481
603306,华懋科技,BK0481
301005,超捷股份,BK0481
002536,飞龙股份,BK0481
603305,旭升股份,BK0481
200550,江  铃Ｂ,BK0481
600698,湖南天雁,BK0481
603348,文灿股份,BK0481
603655,朗博科技,BK0481
839946,华阳变速,BK0481
300680,隆盛科技,BK0481
002870,香山股份,BK0481
002265,西仪股份,BK0481
000622,恒立实业,BK0481
605128,上海沿浦,BK0481
600523,贵航股份,BK0481
002921,联诚精密,BK0481
605319,无锡振华,BK0481
000903,云内动力,BK0481
000981,*ST银亿,BK0481
605005,合兴股份,BK0481
603089,正裕工业,BK0481
605088,冠盛股份,BK0481
603730,岱美股份,BK0481
831278,泰德股份,BK0481
833533,骏创科技,BK0481
600742,一汽富维,BK0481
000581,威孚高科,BK0481
002592,ST八菱,BK0481
603040,新坐标,BK0481
200030,富奥B,BK0481
603121,华培动力,BK0481
300893,松原股份,BK0481
300428,立中集团,BK0481
300694,蠡湖股份,BK0481
603767,中马传动,BK0481
603201,常润股份,BK0481
002101,广东鸿图,BK0481
002537,海联金汇,BK0481
002590,万安科技,BK0481
601279,英利汽车,BK0481
000901,航天科技,BK0481
603013,亚普股份,BK0481
000559,万向钱潮,BK0481
300969,恒帅股份,BK0481
600081,东风科技,BK0481
601717,郑煤机,BK0481
688533,上声电子,BK0481
600699,均胜电子,BK0481
200625,长  安Ｂ,BK0481
002190,成飞集成,BK0481
900953,凯马Ｂ,BK0481
605228,神通科技,BK0481
300643,万通智控,BK0481
603035,常熟汽饰,BK0481
600933,爱柯迪,BK0481
002213,大为股份,BK0481
000338,潍柴动力,BK0481
300100,双林股份,BK0481
600178,东安动力,BK0481
300863,卡倍亿,BK0481
600626,申达股份,BK0481
002406,远东传动,BK0481
002725,跃岭股份,BK0481
603211,晋拓股份,BK0481
605068,明新旭腾,BK0481
603950,长源东谷,BK0481
002085,万丰奥威,BK0481
002920,德赛西威,BK0481
002510,天汽模,BK0481
603926,铁流股份,BK0481
603179,新泉股份,BK0481
000570,苏常柴Ａ,BK0481
600676,交运股份,BK0481
603788,宁波高发,BK0481
200581,苏威孚Ｂ,BK0481
300432,富临精工,BK0481
300695,兆丰股份,BK0481
000700,模塑科技,BK0481
605333,沪光股份,BK0481
301160,翔楼新材,BK0481
603335,迪生力,BK0481
000030,富奥股份,BK0481
002593,日上集团,BK0481
603023,威帝股份,BK0481
002516,旷达科技,BK0481
603786,科博达,BK0481
600609,金杯汽车,BK0481
603390,通达电气,BK0481
002434,万里扬,BK0481
002906,华阳集团,BK0481
603197,保隆科技,BK0481
301022,海泰科,BK0481
300742,越博动力,BK0481
600841,动力新科,BK0481
838171,邦德股份,BK0481
601799,星宇股份,BK0481
600218,全柴动力,BK0481
600960,渤海汽车,BK0481
301192,泰祥股份,BK0481
002664,信质集团,BK0481
301119,正强股份,BK0481
603768,常青股份,BK0481
002355,兴民智通,BK0481
603048,浙江黎明,BK0481
603319,湘油泵,BK0481
603758,秦安股份,BK0481
300507,苏奥传感,BK0481
300304,云意电气,BK0481
603085,天成自控,BK0481
300375,鹏翎股份,BK0481
001319,铭科精技,BK0481
300978,东箭科技,BK0481
002239,奥特佳,BK0481
603161,科华控股,BK0481
300681,英搏尔,BK0481
301229,纽泰格,BK0481
301133,金钟股份,BK0481
605133,嵘泰股份,BK0481
603009,北特科技,BK0481
301181,标榜股份,BK0481
603586,金麒麟,BK0481
603596,伯特利,BK0481
603037,凯众股份,BK0481
603239,浙江仙通,BK0481
002715,登云股份,BK0481
002997,瑞鹄模具,BK0481
603917,合力科技,BK0481
301298,东利机械,BK0481
603166,福达股份,BK0481
603809,豪能股份,BK0481
002283,天润工业,BK0481
300926,博俊科技,BK0481
600148,长春一东,BK0481
300585,奥联电子,BK0481
688280,精进电动-UW,BK0481
000678,襄阳轴承,BK0481
300733,西菱动力,BK0481
300473,德尔股份,BK0481
002328,新朋股份,BK0481
301020,密封科技,BK0481
603949,雪龙集团,BK0481
002813,路畅科技,BK0481
002454,松芝股份,BK0481
300580,贝斯特,BK0481
300928,华安鑫创,BK0481
002472,双环传动,BK0481
300745,欣锐科技,BK0481
002708,光洋股份,BK0481
002284,亚太股份,BK0481
300998,宁波方正,BK0481
301072,中捷精工,BK0481
688667,菱电电控,BK0481
003033,征和工业,BK0481
870436,大地电气,BK0481
300611,美力科技,BK0481
301007,德迈仕,BK0481
300912,凯龙高科,BK0481
603286,日盈电子,BK0481
601689,拓普集团,BK0481
002488,金固股份,BK0481
002662,京威股份,BK0481
002703,浙江世宝,BK0481
300707,威唐工业,BK0481
603178,圣龙股份,BK0481
603982,泉峰汽车,BK0481
603109,神驰机电,BK0481
300816,艾可蓝,BK0481
000887,中鼎股份,BK0481
002363,隆基机械,BK0481
002448,中原内配,BK0481
002863,今飞凯达,BK0481
002126,银轮股份,BK0481
605208,永茂泰,BK0481
300258,精锻科技,BK0481
603605,珀莱雅,BK1035
300896,爱美客,BK1035
300849,锦盛新材,BK1035
603059,倍加洁,BK1035
688363,华熙生物,BK1035
605009,豪悦护理,BK1035
603238,诺邦股份,BK1035
600249,两面针,BK1035
603630,拉芳家化,BK1035
300132,青松股份,BK1035
000523,广州浪奇,BK1035
002919,名臣健康,BK1035
603983,丸美股份,BK1035
002511,中顺洁柔,BK1035
300888,稳健医疗,BK1035
301009,可靠股份,BK1035
300957,贝泰妮,BK1035
300740,水羊股份,BK1035
001206,依依股份,BK1035
002243,力合科创,BK1035
300955,嘉亨家化,BK1035
600315,上海家化,BK1035
300658,延江股份,BK1035
002094,青岛金王,BK1035
000615,奥园美谷,BK1035
300886,华业香料,BK1035
003006,百亚股份,BK1035
300856,科思股份,BK1035
300256,*ST星星,BK1037
002981,朝阳科技,BK1037
002139,拓邦股份,BK1037
603890,春秋电子,BK1037
832876,慧为智能,BK1037
301067,显盈科技,BK1037
300857,协创数据,BK1037
831167,鑫汇科,BK1037
603595,东尼电子,BK1037
300709,精研科技,BK1037
601138,工业富联,BK1037
300136,信维通信,BK1037
300647,超频三,BK1037
301086,鸿富瀚,BK1037
601231,环旭电子,BK1037
300951,博硕科技,BK1037
300686,智动力,BK1037
002881,美格智能,BK1037
688683,莱尔科技,BK1037
300083,创世纪,BK1037
603629,利通电子,BK1037
300793,佳禾智能,BK1037
300279,和晶科技,BK1037
002841,视源股份,BK1037
002660,茂硕电源,BK1037
300968,格林精密,BK1037
002369,卓翼科技,BK1037
300433,蓝思科技,BK1037
002681,奋达科技,BK1037
002937,兴瑞科技,BK1037
002947,恒铭达,BK1037
300976,达瑞电子,BK1037
002976,瑞玛精密,BK1037
000021,深科技,BK1037
603380,易德龙,BK1037
300115,长盈精密,BK1037
688036,传音控股,BK1037
001308,康冠科技,BK1037
603633,徕木股份,BK1037
300679,电连技术,BK1037
002861,瀛通通讯,BK1037
300956,英力股份,BK1037
300131,英唐智控,BK1037
002475,立讯精密,BK1037
301123,奕东电子,BK1037
300032,金龙机电,BK1037
002635,安洁科技,BK1037
605277,新亚电子,BK1037
603626,科森科技,BK1037
301318,维海德,BK1037
002993,奥海科技,BK1037
002888,惠威科技,BK1037
002855,捷荣技术,BK1037
688007,光峰科技,BK1037
300602,飞荣达,BK1037
002885,京泉华,BK1037
300843,胜蓝股份,BK1037
600130,波导股份,BK1037
002600,领益智造,BK1037
600203,福日电子,BK1037
688678,福立旺,BK1037
300543,朗科智能,BK1037
002351,漫步者,BK1037
300847,中船汉光,BK1037
002655,共达电声,BK1037
301182,凯旺科技,BK1037
600898,国美通讯,BK1037
300787,海能实业,BK1037
002055,得润电子,BK1037
001229,魅视科技,BK1037
603133,碳元科技,BK1037
301180,万祥科技,BK1037
300684,中石科技,BK1037
300866,安克创新,BK1037
301135,瑞德智能,BK1037
002547,春兴精工,BK1037
002402,和而泰,BK1037
600745,闻泰科技,BK1037
688260,昀冢科技,BK1037
002045,国光电器,BK1037
300735,光弘科技,BK1037
603327,福蓉科技,BK1037
002782,可立克,BK1037
003028,振邦智能,BK1037
002925,盈趣科技,BK1037
300322,硕贝德,BK1037
300822,贝仕达克,BK1037
002866,传艺科技,BK1037
002241,歌尔股份,BK1037
300916,朗特智能,BK1037
300910,瑞丰新材,BK0538
301212,联盛化学,BK0538
688157,松井股份,BK0538
688625,呈和科技,BK0538
603683,晶华新材,BK0538
300699,光威复材,BK0538
300135,宝利国际,BK0538
002319,乐通股份,BK0538
688196,卓越新能,BK0538
002986,宇新股份,BK0538
688269,凯立新材,BK0538
600309,万华化学,BK0538
605566,福莱蒽特,BK0538
603110,东方材料,BK0538
002211,ST宏达,BK0538
301283,聚胶股份,BK0538
600370,三房巷,BK0538
603681,永冠新材,BK0538
300530,达志科技,BK0538
600378,昊华科技,BK0538
900921,丹科B股,BK0538
300285,国瓷材料,BK0538
688065,凯赛生物,BK0538
300174,元力股份,BK0538
688737,中自科技,BK0538
430489,佳先股份,BK0538
300848,美瑞新材,BK0538
688350,富淼科技,BK0538
600160,巨化股份,BK0538
600352,浙江龙盛,BK0538
605166,聚合顺,BK0538
688571,杭华股份,BK0538
300721,怡达股份,BK0538
002408,齐翔腾达,BK0538
688639,华恒生物,BK0538
688398,赛特新材,BK0538
002440,闰土股份,BK0538
002497,雅化集团,BK0538
002669,康达新材,BK0538
301220,亚香股份,BK0538
900909,华谊B股,BK0538
600500,中化国际,BK0538
002226,江南化工,BK0538
688116,天奈科技,BK0538
002246,北化股份,BK0538
603980,吉华集团,BK0538
900908,氯碱Ｂ股,BK0538
605020,永和股份,BK0538
301216,万凯新材,BK0538
002549,凯美特气,BK0538
300169,天晟新材,BK0538
688199,久日新材,BK0538
300200,高盟新材,BK0538
002915,中欣氟材,BK0538
300321,同大股份,BK0538
300522,世名科技,BK0538
002666,德联集团,BK0538
300665,飞鹿股份,BK0538
301037,保立佳,BK0538
301100,风光股份,BK0538
603379,三美股份,BK0538
002827,高争民爆,BK0538
300535,达威股份,BK0538
603867,新化股份,BK0538
300019,硅宝科技,BK0538
002096,南岭民爆,BK0538
600800,渤海化学,BK0538
605589,圣泉集团,BK0538
600273,嘉化能源,BK0538
002909,集泰股份,BK0538
002360,同德化工,BK0538
002709,天赐材料,BK0538
002054,德美化工,BK0538
300163,先锋新材,BK0538
002971,和远气体,BK0538
000881,中广核技,BK0538
603725,天安新材,BK0538
300801,泰和科技,BK0538
300405,科隆股份,BK0538
000691,亚太实业,BK0538
002476,宝莫股份,BK0538
301077,星华新材,BK0538
603906,龙蟠科技,BK0538
002809,红墙股份,BK0538
300109,新开源,BK0538
603823,百合花,BK0538
603026,胜华新材,BK0538
603977,国泰集团,BK0538
300067,安诺其,BK0538
603948,建业股份,BK0538
603188,亚邦股份,BK0538
603790,雅运股份,BK0538
300107,建新股份,BK0538
001218,丽臣实业,BK0538
301092,争光股份,BK0538
002802,洪汇新材,BK0538
603041,美思德,BK0538
300727,润禾材料,BK0538
002037,保利联合,BK0538
603822,嘉澳环保,BK0538
301190,善水科技,BK0538
300225,金力泰,BK0538
300821,东岳硅材,BK0538
300641,正丹股份,BK0538
600230,沧州大化,BK0538
603192,汇得科技,BK0538
002455,百川股份,BK0538
688129,东来技术,BK0538
300798,锦鸡股份,BK0538
000985,大庆华科,BK0538
603916,苏博特,BK0538
301036,双乐股份,BK0538
300041,回天新材,BK0538
300437,清水源,BK0538
300758,七彩化学,BK0538
605366,宏柏新材,BK0538
300343,联创股份,BK0538
603968,醋化股份,BK0538
002917,金奥博,BK0538
301349,信德新材,BK0538
301300,远翔新材,BK0538
603255,鼎际得,BK0538
002783,凯龙股份,BK0538
300769,德方纳米,BK0538
003022,联泓新科,BK0538
002165,红 宝 丽,BK0538
002562,兄弟科技,BK0538
000565,渝三峡Ａ,BK0538
605399,晨光新材,BK0538
603155,新亚强,BK0538
002326,永太科技,BK0538
603227,雪峰科技,BK0538
600299,安迪苏,BK0538
873527,夜光明,BK0538
600165,新日恒力,BK0538
603217,元利科技,BK0538
002810,山东赫达,BK0538
002637,赞宇科技,BK0538
002407,多氟多,BK0538
003002,壶化股份,BK0538
300072,海新能科,BK0538
688353,华盛锂电,BK0538
688190,云路股份,BK1027
600615,丰华股份,BK1027
002149,西部材料,BK1027
300811,铂科新材,BK1027
000831,中国稀土,BK1027
600459,贵研铂业,BK1027
002738,中矿资源,BK1027
603993,洛阳钼业,BK1027
600366,宁波韵升,BK1027
000795,英洛华,BK1027
600206,有研新材,BK1027
605376,博迁新材,BK1027
000657,中钨高新,BK1027
600980,北矿科技,BK1027
600259,广晟有色,BK1027
601958,金钼股份,BK1027
002167,东方锆业,BK1027
600281,华阳新材,BK1027
600456,宝钛股份,BK1027
000962,东方钽业,BK1027
002378,章源钨业,BK1027
300748,金力永磁,BK1027
300127,银河磁体,BK1027
300835,龙磁科技,BK1027
600111,北方稀土,BK1027
603399,吉翔股份,BK1027
300224,正海磁材,BK1027
600392,盛和资源,BK1027
000970,中科三环,BK1027
301026,浩通科技,BK1027
002056,横店东磁,BK1027
688077,大地熊,BK1027
000633,合金投资,BK1027
002842,翔鹭钨业,BK1027
002428,云南锗业,BK1027
000960,锡业股份,BK1027
300328,宜安科技,BK1027
600549,厦门钨业,BK1027
601965,中国汽研,BK1016
838030,德众汽车,BK1016
601258,庞大集团,BK1016
000757,浩物股份,BK1016
600653,申华控股,BK1016
000753,漳州发展,BK1016
600297,广汇汽车,BK1016
603377,东方时尚,BK1016
300825,阿尔特,BK1016
600386,北巴传媒,BK1016
600335,国机汽车,BK1016
600327,大东方,BK1016
301215,中汽股份,BK1016
000996,中国中期,BK1016
000025,特  力Ａ,BK1016
605151,西上海,BK1016
002443,金洲管道,BK0479
002978,安宁股份,BK0479
600507,方大特钢,BK0479
600019,宝钢股份,BK0479
600399,抚顺特钢,BK0479
900936,鄂资Ｂ股,BK0479
688186,广大特材,BK0479
600282,南钢股份,BK0479
001203,大中矿业,BK0479
000898,鞍钢股份,BK0479
300881,盛德鑫泰,BK0479
600231,凌钢股份,BK0479
600022,山东钢铁,BK0479
000778,新兴铸管,BK0479
600569,安阳钢铁,BK0479
002075,沙钢股份,BK0479
000709,河钢股份,BK0479
000959,首钢股份,BK0479
002318,久立特材,BK0479
600307,酒钢宏兴,BK0479
600808,马钢股份,BK0479
600010,包钢股份,BK0479
601005,重庆钢铁,BK0479
600126,杭钢股份,BK0479
000932,华菱钢铁,BK0479
600117,西宁特钢,BK0479
600295,鄂尔多斯,BK0479
000708,中信特钢,BK0479
603995,甬金股份,BK0479
601003,柳钢股份,BK0479
603878,武进不锈,BK0479
600782,新钢股份,BK0479
600382,ST广珠,BK0479
601686,友发集团,BK0479
600581,八一钢铁,BK0479
601969,海南矿业,BK0479
000717,中南股份,BK0479
002478,常宝股份,BK0479
000825,太钢不锈,BK0479
000655,金岭矿业,BK0479
000629,钒钛股份,BK0479
002545,东方铁塔,BK0479
002756,永兴材料,BK0479
000761,本钢板材,BK0479
002110,三钢闽光,BK0479
000923,河钢资源,BK0479
605158,华达新材,BK0479
200761,本钢板Ｂ,BK0479
000980,ST众泰,BK1029
601633,长城汽车,BK1029
600104,上汽集团,BK1029
600066,宇通客车,BK1029
600166,福田汽车,BK1029
301039,中集车辆,BK1029
000951,中国重汽,BK1029
600733,北汽蓝谷,BK1029
000550,江铃汽车,BK1029
000572,海马汽车,BK1029
000800,一汽解放,BK1029
601127,赛力斯,BK1029
600303,ST曙光,BK1029
000625,长安汽车,BK1029
601777,力帆科技,BK1029
600006,东风汽车,BK1029
000868,安凯客车,BK1029
002594,比亚迪,BK1029
600686,金龙汽车,BK1029
601238,广汽集团,BK1029
600213,亚星客车,BK1029
000957,中通客车,BK1029
600418,江淮汽车,BK1029
002109,兴化股份,BK1019
002805,丰元股份,BK1019
001255,博菲电气,BK1019
688267,中触媒,BK1019
600426,华鲁恒升,BK1019
301076,新瀚新材,BK1019
830832,齐鲁华信,BK1019
600277,亿利洁能,BK1019
601216,君正集团,BK1019
600727,鲁北化工,BK1019
601568,北元集团,BK1019
301090,华润材料,BK1019
603113,金能科技,BK1019
600409,三友化工,BK1019
603213,镇洋发展,BK1019
003017,大洋生物,BK1019
600319,亚星化学,BK1019
603067,振华股份,BK1019
000818,航锦科技,BK1019
600722,金牛化工,BK1019
600989,宝丰能源,BK1019
002648,卫星化学,BK1019
002601,龙佰集团,BK1019
603663,三祥新材,BK1019
600623,华谊集团,BK1019
301286,侨源股份,BK1019
300834,星辉环材,BK1019
600714,金瑞矿业,BK1019
000683,远兴能源,BK1019
000830,鲁西化工,BK1019
601678,滨化股份,BK1019
300927,江天化学,BK1019
001217,华尔泰,BK1019
301256,华融化学,BK1019
600423,柳化股份,BK1019
002092,中泰化学,BK1019
002002,鸿达兴业,BK1019
301209,联合化学,BK1019
600935,华塑股份,BK1019
600075,新疆天业,BK1019
600955,维远股份,BK1019
002136,安 纳 达,BK1019
000822,山东海化,BK1019
002386,天原股份,BK1019
301238,瑞泰新材,BK1019
600610,中毅达,BK1019
301065,本立科技,BK1019
600844,丹化科技,BK1019
002053,云南能投,BK1019
000422,湖北宜化,BK1019
600929,雪天盐业,BK1019
000707,双环科技,BK1019
600367,红星发展,BK1019
301069,凯盛新材,BK1019
000510,新金路,BK1019
000635,英 力 特,BK1019
603299,苏盐井神,BK1019
600746,江苏索普,BK1019
000990,诚志股份,BK1019
600328,中盐化工,BK1019
603077,和邦生物,BK1019
838402,硅烷科技,BK1019
600618,氯碱化工,BK1019
301059,金三江,BK1019
301149,隆华新材,BK1019
002145,中核钛白,BK1019
000545,金浦钛业,BK1019
002748,世龙实业,BK1019
002125,湘潭电化,BK1019
300891,惠云钛业,BK1019
002469,三维化学,BK1019
300082,奥克股份,BK1019
301118,恒光股份,BK1019
600892,大晟文化,BK1046
002113,ST天润,BK1046
603444,吉比特,BK1046
300315,掌趣科技,BK1046
300002,神州泰岳,BK1046
002558,巨人网络,BK1046
300494,盛天网络,BK1046
300418,昆仑万维,BK1046
300467,迅游科技,BK1046
603258,电魂网络,BK1046
300051,三五互联,BK1046
300148,天舟文化,BK1046
600715,文投控股,BK1046
002555,三七互娱,BK1046
002174,游族网络,BK1046
300459,汤姆猫,BK1046
600633,浙数文化,BK1046
002354,天娱数科,BK1046
002445,中南文化,BK1046
300043,星辉娱乐,BK1046
002624,完美世界,BK1046
300031,宝通科技,BK1046
300113,顺网科技,BK1046
300299,富春股份,BK1046
002602,世纪华通,BK1046
300518,盛讯达,BK1046
002425,凯撒文化,BK1046
002168,惠程科技,BK1046
002517,恺英网络,BK1046
300052,中青宝,BK1046
300533,冰川网络,BK1046
002192,融捷股份,BK1015
002466,天齐锂业,BK1015
002340,格林美,BK1015
002240,盛新锂能,BK1015
603799,华友钴业,BK1015
002460,赣锋锂业,BK1015
300618,寒锐钴业,BK1015
301219,腾远钴业,BK1015
600711,盛屯矿业,BK1015
200992,中  鲁Ｂ,BK0433
603336,宏辉果蔬,BK0433
600598,北大荒,BK0433
002086,ST东洋,BK0433
871970,大禹生物,BK0433
200505,京粮B,BK0433
002200,ST交投,BK0433
600265,ST景谷,BK0433
300138,晨光生物,BK0433
002311,海大集团,BK0433
300498,温氏股份,BK0433
002100,天康生物,BK0433
605296,神农集团,BK0433
300268,佳沃食品,BK0433
001313,粤海饲料,BK0433
600811,东方集团,BK0433
002696,百洋股份,BK0433
832419,路斯股份,BK0433
600108,亚盛集团,BK0433
002124,天邦食品,BK0433
600467,好当家,BK0433
002041,登海种业,BK0433
300673,佩蒂股份,BK0433
002714,牧原股份,BK0433
000735,罗 牛 山,BK0433
002772,众兴菌业,BK0433
000876,新 希 望,BK0433
603668,天马科技,BK0433
603739,蔚蓝生物,BK0433
000713,丰乐种业,BK0433
600251,冠农股份,BK0433
600097,开创国际,BK0433
002679,福建金森,BK0433
300021,大禹节水,BK0433
600257,大湖股份,BK0433
301156,美农生物,BK0433
600506,香梨股份,BK0433
002548,金新农,BK0433
000505,京粮控股,BK0433
002321,ST华英,BK0433
300972,万辰生物,BK0433
002567,唐人神,BK0433
000930,中粮科技,BK0433
000592,平潭发展,BK0433
601952,苏垦农发,BK0433
002069,ST獐子岛,BK0433
002891,中宠股份,BK0433
600975,新五丰,BK0433
600965,福成股份,BK0433
002385,大北农,BK0433
002688,金河生物,BK0433
300313,ST天山,BK0433
600354,敦煌种业,BK0433
600127,金健米业,BK0433
002299,圣农发展,BK0433
600540,新赛股份,BK0433
600359,新农开发,BK0433
000798,中水渔业,BK0433
600313,农发种业,BK0433
300189,神农科技,BK0433
300087,荃银高科,BK0433
002746,仙坛股份,BK0433
001201,东瑞股份,BK0433
603151,邦基科技,BK0433
600371,万向德农,BK0433
603477,巨星农牧,BK0433
300511,雪榕生物,BK0433
603363,傲农生物,BK0433
300761,立华股份,BK0433
000702,正虹科技,BK0433
300967,晓鸣股份,BK0433
002458,益生股份,BK0433
000998,隆平高科,BK0433
603609,禾丰股份,BK0433
300970,华绿生物,BK0433
002157,正邦科技,BK0433
002234,民和股份,BK0433
002982,湘佳股份,BK0433
002999,天禾股份,BK0731
300387,富邦股份,BK0731
002538,司尔特,BK0731
000893,亚钾国际,BK0731
600078,ST澄星,BK0731
000731,四川美丰,BK0731
002588,史丹利,BK0731
002895,川恒股份,BK0731
600141,兴发集团,BK0731
000408,藏格矿业,BK0731
000902,新洋丰,BK0731
603938,三孚股份,BK0731
600470,六国化工,BK0731
002470,ST金正,BK0731
002539,云图控股,BK0731
600096,云天化,BK0731
002312,川发龙蟒,BK0731
000792,盐湖股份,BK0731
600691,阳煤化工,BK0731
002170,芭田股份,BK0731
000912,泸天化,BK0731
300505,川金诺,BK0731
002274,华昌化工,BK0731
002556,辉隆股份,BK0731
301222,浙江恒威,BK1033
002733,雄韬股份,BK1033
000049,德赛电池,BK1033
600110,诺德股份,BK1033
300340,科恒股份,BK1033
001283,豪鹏科技,BK1033
600847,万里股份,BK1033
835185,贝特瑞,BK1033
688567,孚能科技,BK1033
688339,亿华通-U,BK1033
002812,恩捷股份,BK1033
603031,安孚科技,BK1033
688819,天能股份,BK1033
688184,帕瓦股份,BK1033
603659,璞泰来,BK1033
300116,保力新,BK1033
688779,长远锂科,BK1033
300457,赢合科技,BK1033
605378,野马电池,BK1033
833523,德瑞锂电,BK1033
002850,科达利,BK1033
688275,万润新能,BK1033
002580,圣阳股份,BK1033
300073,当升科技,BK1033
688772,珠海冠宇,BK1033
688148,芳源股份,BK1033
301152,天力锂能,BK1033
836239,长虹能源,BK1033
300919,中伟股份,BK1033
300648,星云股份,BK1033
601311,骆驼股份,BK1033
300068,南都电源,BK1033
688005,容百科技,BK1033
300450,先导智能,BK1033
300207,欣旺达,BK1033
300750,宁德时代,BK1033
688345,博力威,BK1033
002245,蔚蓝锂芯,BK1033
300568,星源材质,BK1033
002074,国轩高科,BK1033
301121,紫建电子,BK1033
300890,翔丰华,BK1033
300014,亿纬锂能,BK1033
688388,嘉元科技,BK1033
688063,派能科技,BK1033
300438,鹏辉能源,BK1033
688707,振华新材,BK1033
688006,杭可科技,BK1033
300037,新宙邦,BK1033
835179,凯德石英,BK0546
300196,长海股份,BK0546
600176,中国巨石,BK0546
900918,耀皮Ｂ股,BK0546
200012,南  玻Ｂ,BK0546
002163,海南发展,BK0546
600660,福耀玻璃,BK0546
603601,再升科技,BK0546
600586,金晶科技,BK0546
603256,宏和科技,BK0546
600819,耀皮玻璃,BK0546
301188,力诺特玻,BK0546
605006,山东玻纤,BK0546
000012,南  玻Ａ,BK0546
002201,正威新材,BK0546
301051,信濠光电,BK0546
601636,旗滨集团,BK0546
600876,洛阳玻璃,BK0546
002613,北玻股份,BK0546
002080,中材科技,BK0546
603021,山东华鹏,BK0546
300093,金刚光伏,BK0546
603728,鸣志电器,BK1030
002176,江特电机,BK1030
603320,迪贝电气,BK1030
603819,神力股份,BK1030
301023,江南奕帆,BK1030
603988,中电电机,BK1030
300626,华瑞股份,BK1030
300907,康平科技,BK1030
003021,兆威机电,BK1030
688395,正弦电气,BK1030
600580,卧龙电驱,BK1030
002801,微光股份,BK1030
000922,佳电股份,BK1030
301226,祥明智能,BK1030
002576,通达动力,BK1030
002249,大洋电机,BK1030
300660,江苏雷利,BK1030
002892,科力尔,BK1030
002823,凯中精密,BK1030
603489,八方股份,BK1030
002196,方正电机,BK1030
