h,P
-0.027889582332949997,0.6299409135635367
-0.027875630565899995,0.629921216391648
-0.027861678798849994,0.6299015240665095
-0.027847727031799992,0.6298818168357517
-0.02783377526474999,0.6298620187378264
-0.02781982349769999,0.629842299509415
-0.027805871730649988,0.6298225742737379
-0.027791919963599986,0.6298028430264109
-0.027777968196549985,0.6297831057630443
-0.027764016429499983,0.6297633624792459
-0.02775006466244998,0.6297436131706141
-0.02773611289539998,0.6297238578327443
-0.02772216112834998,0.6297040964612275
-0.027708209361299977,0.6296843290516464
-0.027694257594249976,0.6296645555995829
-0.027680305827199974,0.6296447761006096
-0.027666354060149972,0.6296249905502953
-0.02765240229309997,0.629605198944205
-0.02763845052604997,0.6295854012778946
-0.027624498758999968,0.6295655975469193
-0.027610546991949966,0.6295457877468251
-0.027596595224899965,0.6295259718731547
-0.027582643457849963,0.6295061499214472
-0.02756869169079996,0.6294863218872307
-0.02755473992374996,0.6294664877660335
-0.02754078815669996,0.6294466475533766
-0.027526836389649957,0.6294268012447753
-0.027512884622599956,0.6294069488357398
-0.027498932855549954,0.629387090321775
-0.027484981088499953,0.6293672256983802
-0.02747102932144995,0.6293473549610498
-0.02745707755439995,0.6293274781052711
-0.027443125787349948,0.6293075951265292
-0.027429174020299946,0.6292877060202992
-0.027415222253249945,0.6292678107820571
-0.027401270486199943,0.6292479094072663
-0.027387318719149942,0.6292280018913903
-0.02737336695209994,0.6292080882298833
-0.02735941518504994,0.6291881684181975
-0.027345463417999937,0.6291682424517769
-0.027331511650949936,0.6291483103260618
-0.027317559883899934,0.6291283720364845
-0.027303608116849933,0.6291084275784748
-0.02728965634979993,0.6290884769474556
-0.02727570458274993,0.6290685201388436
-0.027261752815699928,0.6290485571480512
-0.027247801048649926,0.6290285879704844
-0.027233849281599925,0.6290086126015442
-0.027219897514549923,0.6289886310366254
-0.027205945747499922,0.6289686432711179
-0.02719199398044992,0.6289486493004058
-0.02717804221339992,0.6289286491198661
-0.027164090446349917,0.6289086427248739
-0.027150138679299916,0.6288886301107947
-0.027136186912249914,0.6288686112729905
-0.027122235145199913,0.6288485862068175
-0.02710828337814991,0.628828554907625
-0.02709433161109991,0.6288085173707587
-0.027080379844049908,0.6287884735915568
-0.027066428076999906,0.6287684235653537
-0.027052476309949905,0.628748367287475
-0.027038524542899903,0.6287283047532439
-0.027024572775849902,0.628708235957976
-0.0270106210087999,0.628688160896983
-0.0269966692417499,0.6286680795655664
-0.026982717474699897,0.62864799195903
-0.026968765707649896,0.6286278980726634
-0.026954813940599894,0.6286077979017544
-0.026940862173549893,0.6285876914415859
-0.02692691040649989,0.6285675786874347
-0.02691295863944989,0.6285474596345689
-0.026899006872399888,0.6285273342782529
-0.026885055105349887,0.6285072026137469
-0.026871103338299885,0.6284870646363031
-0.026857151571249883,0.6284669203411671
-0.026843199804199882,0.6284467697235819
-0.02682924803714988,0.6284266127787811
-0.02681529627009988,0.6284064495019954
-0.026801344503049877,0.6283862798884471
-0.026787392735999876,0.6283661039333546
-0.026773440968949874,0.6283459216319301
-0.026759489201899873,0.6283257329793793
-0.02674553743484987,0.6283055379709013
-0.02673158566779987,0.6282853366016908
-0.026717633900749868,0.6282651288669368
-0.026703682133699867,0.6282449147618192
-0.026689730366649865,0.6282246942815163
-0.026675778599599863,0.6282044674211984
-0.026661826832549862,0.6281842341760283
-0.02664787506549986,0.6281639945411657
-0.02663392329844986,0.6281437485117619
-0.026619971531399857,0.628123496082964
-0.026606019764349856,0.6281032372499128
-0.026592067997299854,0.6280829720077428
-0.026578116230249853,0.6280627003515805
-0.02656416446319985,0.6280424222765495
-0.02655021269614985,0.6280221377777656
-0.026536260929099848,0.6280018468503413
-0.026522309162049847,0.6279815494893759
-0.026508357394999845,0.6279612456899718
-0.026494405627949844,0.6279409354472181
-0.026480453860899842,0.6279206187562038
-0.02646650209384984,0.6279002956120051
-0.02645255032679984,0.6278799660096974
-0.026438598559749837,0.6278596299443481
-0.026424646792699836,0.6278392874110188
-0.026410695025649834,0.6278189384047651
-0.026396743258599833,0.6277985829206327
-0.02638279149154983,0.627778220953669
-0.02636883972449983,0.6277578524989067
-0.026354887957449828,0.6277374775513792
-0.026340936190399827,0.6277170961061097
-0.026326984423349825,0.6276967081581156
-0.026313032656299824,0.6276763137024095
-0.026299080889249822,0.6276559127339956
-0.02628512912219982,0.627635505247875
-0.02627117735514982,0.6276150912390398
-0.026257225588099817,0.6275946707024767
-0.026243273821049816,0.6275742436331664
-0.026229322053999814,0.6275538100260827
-0.026215370286949813,0.6275333698761939
-0.02620141851989981,0.6275129231784616
-0.02618746675284981,0.6274924699278398
-0.026173514985799808,0.627472010119279
-0.026159563218749807,0.6274515437477209
-0.026145611451699805,0.6274310708081021
-0.026131659684649804,0.6274105912953515
-0.026117707917599802,0.627390105204393
-0.0261037561505498,0.6273696125301433
-0.0260898043834998,0.6273491132675134
-0.026075852616449798,0.6273286074114072
-0.026061900849399796,0.6273080949567239
-0.026047949082349794,0.6272875758983524
-0.026033997315299793,0.6272670502311777
-0.02602004554824979,0.6272465179500805
-0.02600609378119979,0.6272259790499303
-0.02599214201414979,0.6272054335255945
-0.025978190247099787,0.6271848813719298
-0.025964238480049785,0.6271643225837898
-0.025950286712999784,0.6271437571560207
-0.025936334945949782,0.6271231850834611
-0.02592238317889978,0.6271026063609445
-0.02590843141184978,0.6270820209832965
-0.025894479644799778,0.627061428945337
-0.025880527877749776,0.6270408302418784
-0.025866576110699774,0.6270202248677289
-0.025852624343649773,0.6269996128176866
-0.02583867257659977,0.6269789940865461
-0.02582472080954977,0.6269583686690926
-0.02581076904249977,0.6269377365601071
-0.025796817275449767,0.6269170977543627
-0.025782865508399765,0.6268964522466264
-0.025768913741349764,0.6268758000316573
-0.025754961974299762,0.6268551411042095
-0.02574101020724976,0.6268344754590304
-0.02572705844019976,0.6268138030908584
-0.025713106673149758,0.6267931239944267
-0.025699154906099756,0.6267724381644628
-0.025685203139049755,0.6267517455956847
-0.025671251371999753,0.6267310462828077
-0.02565729960494975,0.6267103402205368
-0.02564334783789975,0.6266896274035707
-0.02562939607084975,0.6266689078266028
-0.025615444303799747,0.6266481814843187
-0.025601492536749745,0.6266274483713974
-0.025587540769699744,0.6266067084825109
-0.025573589002649742,0.6265859618123236
-0.02555963723559974,0.6265652083554966
-0.02554568546854974,0.6265444481066782
-0.025531733701499738,0.6265236810605153
-0.025517781934449736,0.6265029072116451
-0.025503830167399735,0.6264821265546983
-0.025489878400349733,0.626461339084298
-0.02547592663329973,0.6264405447950623
-0.02546197486624973,0.6264197436816012
-0.02544802309919973,0.626398935738518
-0.025434071332149727,0.6263781209604072
-0.025420119565099725,0.6263572993418596
-0.025406167798049724,0.6263364708774577
-0.025392216030999722,0.626315635561775
-0.02537826426394972,0.6262947933893817
-0.02536431249689972,0.626273944354837
-0.025350360729849718,0.6262530884526953
-0.025336408962799716,0.6262322256775039
-0.025322457195749715,0.6262113560238031
-0.025308505428699713,0.6261904794861255
-0.02529455366164971,0.626169596058996
-0.02528060189459971,0.626148705736935
-0.02526665012754971,0.6261278085144532
-0.025252698360499707,0.6261069043860537
-0.025238746593449705,0.6260859933462347
-0.025224794826399704,0.6260650753894862
-0.025210843059349702,0.6260441505102922
-0.0251968912922997,0.6260232187031265
-0.0251829395252497,0.6260022799624594
-0.025168987758199698,0.6259813342827499
-0.025155035991149696,0.6259603816584539
-0.025141084224099695,0.6259394220840169
-0.025127132457049693,0.6259184555538806
-0.02511318068999969,0.6258974820624756
-0.02509922892294969,0.6258765016042268
-0.02508527715589969,0.6258555141735529
-0.025071325388849687,0.6258345197648634
-0.025057373621799685,0.625813518372561
-0.025043421854749684,0.6257925099910424
-0.025029470087699682,0.6257714946146955
-0.02501551832064968,0.6257504722379027
-0.02500156655359968,0.6257294428550364
-0.024987614786549678,0.6257084064604616
-0.024973663019499676,0.6256873630485392
-0.024959711252449675,0.6256663126136195
-0.024945759485399673,0.6256452551500472
-0.02493180771834967,0.6256241906521588
-0.02491785595129967,0.625603119114283
-0.02490390418424967,0.6255820405307426
-0.024889952417199667,0.6255609548958493
-0.024876000650149666,0.6255398622039132
-0.024862048883099664,0.6255187624492301
-0.024848097116049662,0.6254976556260938
-0.02483414534899966,0.6254765417287872
-0.02482019358194966,0.6254554207515876
-0.024806241814899658,0.6254342926887635
-0.024792290047849656,0.6254131575345757
-0.024778338280799655,0.6253920152832803
-0.024764386513749653,0.6253708659291205
-0.024750434746699652,0.625349709466337
-0.02473648297964965,0.6253285458891591
-0.02472253121259965,0.6253073751918116
-0.024708579445549647,0.6252861973685091
-0.024694627678499646,0.6252650124134593
-0.024680675911449644,0.6252438203208636
-0.024666724144399643,0.6252226210849133
-0.02465277237734964,0.6252014146997935
-0.02463882061029964,0.6251802011596813
-0.024624868843249638,0.6251589804587466
-0.024610917076199636,0.6251377525911501
-0.024596965309149635,0.6251165175510455
-0.024583013542099633,0.6250952753325786
-0.024569061775049632,0.625074025929888
-0.02455511000799963,0.6250527693371043
-0.02454115824094963,0.6250315055483492
-0.024527206473899627,0.6250102345577374
-0.024513254706849626,0.6249889563593775
-0.024499302939799624,0.6249676709473645
-0.024485351172749623,0.6249463783157916
-0.02447139940569962,0.624925078458743
-0.02445744763864962,0.6249037713702926
-0.024443495871599618,0.6248824570445067
-0.024429544104549616,0.6248611354754455
-0.024415592337499615,0.6248398066571589
-0.024401640570449613,0.6248184705836927
-0.024387688803399612,0.6247971272490799
-0.02437373703634961,0.6247757766473485
-0.02435978526929961,0.6247544187725187
-0.024345833502249607,0.6247330536185979
-0.024331881735199606,0.6247116811795946
-0.024317929968149604,0.6246903014494987
-0.024303978201099603,0.6246689144223005
-0.0242900264340496,0.6246475200919768
-0.0242760746669996,0.6246261184524998
-0.024262122899949598,0.6246047094978299
-0.024248171132899596,0.6245832932219242
-0.024234219365849595,0.6245618696187261
-0.024220267598799593,0.6245404386821749
-0.024206315831749592,0.6245190004062006
-0.02419236406469959,0.6244975547847241
-0.02417841229764959,0.62447610181166
-0.024164460530599587,0.6244546414809117
-0.024150508763549586,0.6244331737863773
-0.024136556996499584,0.6244116987219439
-0.024122605229449583,0.6243902162814929
-0.02410865346239958,0.6243687264588959
-0.02409470169534958,0.6243472292480158
-0.024080749928299578,0.6243257246427092
-0.024066798161249577,0.624304212636823
-0.024052846394199575,0.6242826932241937
-0.024038894627149573,0.6242611663986525
-0.024024942860099572,0.6242396321540213
-0.02401099109304957,0.6242180904841135
-0.02399703932599957,0.6241965413827337
-0.023983087558949567,0.6241749848436782
-0.023969135791899566,0.6241534208607346
-0.023955184024849564,0.6241318494276828
-0.023941232257799563,0.6241102705382938
-0.02392728049074956,0.62408868418633
-0.02391332872369956,0.624067090365544
-0.023899376956649558,0.624045489069682
-0.023885425189599557,0.6240238802924812
-0.023871473422549555,0.6240022640276686
-0.023857521655499554,0.6239806402689649
-0.023843569888449552,0.6239590090100794
-0.02382961812139955,0.6239373702447167
-0.02381566635434955,0.6239157239665681
-0.023801714587299547,0.6238940701693205
-0.023787762820249546,0.6238724088466476
-0.023773811053199544,0.6238507399922194
-0.023759859286149543,0.6238290635996939
-0.02374590751909954,0.62380737966272
-0.02373195575204954,0.62378568817494
-0.023718003984999538,0.6237639891299871
-0.023704052217949537,0.6237422825214832
-0.023690100450899535,0.6237205683430456
-0.023676148683849534,0.6236988465882798
-0.023662196916799532,0.6236771172507805
-0.02364824514974953,0.62365538032414
-0.02363429338269953,0.6236336358019354
-0.023620341615649527,0.6236118836777365
-0.023606389848599526,0.6235901239451072
-0.023592438081549524,0.6235683565976007
-0.023578486314499523,0.6235465816287593
-0.02356453454744952,0.6235247990321172
-0.02355058278039952,0.6235030088012027
-0.023536631013349518,0.6234812109295303
-0.023522679246299517,0.6234594054106103
-0.023508727479249515,0.623437592237939
-0.023494775712199514,0.623415771405009
-0.023480823945149512,0.6233939429052997
-0.02346687217809951,0.6233721067322817
-0.02345292041104951,0.6233502628794195
-0.023438968643999507,0.6233284113401651
-0.023425016876949506,0.6233065521079642
-0.023411065109899504,0.6232846851762504
-0.023397113342849503,0.6232628105384502
-0.0233831615757995,0.6232409281879806
-0.0233692098087495,0.62321903811825
-0.0233552580416995,0.6231971403226565
-0.023341306274649497,0.623175234794587
-0.023327354507599495,0.6231533215274246
-0.023313402740549494,0.6231314005145372
-0.023299450973499492,0.623109471749287
-0.02328549920644949,0.6230875352250267
-0.02327154743939949,0.6230655909350988
-0.023257595672349488,0.6230436388728353
-0.023243643905299486,0.6230216790315606
-0.023229692138249484,0.62299971140459
-0.023215740371199483,0.6229777359852272
-0.02320178860414948,0.6229557527667692
-0.02318783683709948,0.6229337617425011
-0.02317388507004948,0.6229117629056999
-0.023159933302999477,0.6228897562496344
-0.023145981535949475,0.6228677417675589
-0.023132029768899474,0.6228457194527243
-0.023118078001849472,0.6228236892983698
-0.02310412623479947,0.6228016512977219
-0.02309017446774947,0.6227796054440019
-0.023076222700699468,0.6227575517304184
-0.023062270933649466,0.6227354901501738
-0.023048319166599465,0.6227134206964567
-0.023034367399549463,0.6226913433624491
-0.02302041563249946,0.6226692581413228
-0.02300646386544946,0.6226471650262374
-0.02299251209839946,0.6226250640103476
-0.022978560331349457,0.6226029550867925
-0.022964608564299455,0.6225808382487062
-0.022950656797249454,0.6225587134892127
-0.022936705030199452,0.6225365808014218
-0.02292275326314945,0.6225144401784393
-0.02290880149609945,0.6224922916133575
-0.022894849729049448,0.6224701350992579
-0.022880897961999446,0.6224479706292165
-0.022866946194949445,0.622425798196296
-0.022852994427899443,0.6224036177935492
-0.02283904266084944,0.6223814294140212
-0.02282509089379944,0.6223592330507451
-0.02281113912674944,0.6223370286967447
-0.022797187359699437,0.6223148163450337
-0.022783235592649435,0.6222925959886165
-0.022769283825599434,0.6222703676204868
-0.022755332058549432,0.6222481312336272
-0.02274138029149943,0.6222258868210129
-0.02272742852444943,0.6222036343756066
-0.022713476757399428,0.622181373890362
-0.022699524990349426,0.6221591053582219
-0.022685573223299425,0.6221368287721205
-0.022671621456249423,0.6221145441249791
-0.02265766968919942,0.6220922514097122
-0.02264371792214942,0.6220699506192222
-0.02262976615509942,0.6220476417464
-0.022615814388049417,0.6220253247841291
-0.022601862620999415,0.6220029997252812
-0.022587910853949414,0.6219806665627166
-0.022573959086899412,0.621958325289288
-0.02256000731984941,0.6219359758978353
-0.02254605555279941,0.6219136183811891
-0.022532103785749408,0.621891252732169
-0.022518152018699406,0.6218688789435864
-0.022504200251649405,0.6218464970082389
-0.022490248484599403,0.6218241069189162
-0.0224762967175494,0.621801708668396
-0.0224623449504994,0.6217793022494468
-0.0224483931834494,0.6217568876548255
-0.022434441416399397,0.6217344648772792
-0.022420489649349395,0.6217120339095438
-0.022406537882299394,0.6216895947443453
-0.022392586115249392,0.6216671473743991
-0.02237863434819939,0.6216446917924091
-0.02236468258114939,0.6216222279910695
-0.022350730814099388,0.6215997559630633
-0.022336779047049386,0.6215772757010627
-0.022322827279999385,0.6215547871977288
-0.022308875512949383,0.6215322904457151
-0.02229492374589938,0.6215097854376599
-0.02228097197884938,0.6214872721661939
-0.02226702021179938,0.6214647506239346
-0.022253068444749377,0.6214422208034892
-0.022239116677699376,0.6214196826974582
-0.022225164910649374,0.6213971362984256
-0.022211213143599372,0.6213745815989664
-0.02219726137654937,0.6213520185916453
-0.02218330960949937,0.621329447269016
-0.022169357842449368,0.6213068676236204
-0.022155406075399366,0.6212842796479917
-0.022141454308349365,0.6212616833346497
-0.022127502541299363,0.621239078676103
-0.02211355077424936,0.6212164656648511
-0.02209959900719936,0.6211938442933816
-0.02208564724014936,0.6211712145541707
-0.022071695473099357,0.621148576439683
-0.022057743706049356,0.6211259299423727
-0.022043791938999354,0.6211032750546838
-0.022029840171949353,0.6210806117690477
-0.02201588840489935,0.6210579400778846
-0.02200193663784935,0.621035259973604
-0.021987984870799348,0.6210125714486049
-0.021974033103749346,0.6209898744952717
-0.021960081336699345,0.6209671691059822
-0.021946129569649343,0.6209444552730993
-0.021932177802599342,0.6209217329889775
-0.02191822603554934,0.6208990022459571
-0.02190427426849934,0.620876263036368
-0.021890322501449337,0.6208535153525294
-0.021876370734399336,0.6208307591867481
-0.021862418967349334,0.6208079945313207
-0.021848467200299333,0.620785221378532
-0.02183451543324933,0.6207624397206526
-0.02182056366619933,0.6207396495499461
-0.021806611899149328,0.6207168508586604
-0.021792660132099326,0.6206940436390338
-0.021778708365049325,0.6206712278832947
-0.021764756597999323,0.6206484035836559
-0.021750804830949322,0.6206255707323209
-0.02173685306389932,0.6206027293214817
-0.02172290129684932,0.6205798793433186
-0.021708949529799317,0.6205570207899989
-0.021694997762749316,0.6205341536536796
-0.021681045995699314,0.6205112779265055
-0.021667094228649313,0.6204883936006094
-0.02165314246159931,0.6204655006681088
-0.02163919069454931,0.6204425991211173
-0.021625238927499308,0.6204196889517309
-0.021611287160449306,0.6203967701520334
-0.021597335393399305,0.6203738427140996
-0.021583383626349303,0.6203509066299896
-0.021569431859299302,0.6203279618917552
-0.0215554800922493,0.6203050084914312
-0.0215415283251993,0.6202820464210435
-0.021527576558149297,0.6202590756726077
-0.021513624791099296,0.6202360962381226
-0.021499673024049294,0.6202131081095776
-0.021485721256999293,0.6201901112789495
-0.02147176948994929,0.6201671057382048
-0.02145781772289929,0.6201440914792946
-0.021443865955849288,0.6201210684941606
-0.021429914188799287,0.620098036774729
-0.021415962421749285,0.6200749963129167
-0.021402010654699283,0.6200519471006279
-0.021388058887649282,0.6200288891297546
-0.02137410712059928,0.6200058223921732
-0.02136015535354928,0.6199827468797524
-0.021346203586499277,0.619959662584346
-0.021332251819449276,0.6199365694977956
-0.021318300052399274,0.6199134676119311
-0.021304348285349273,0.6198903569185684
-0.02129039651829927,0.6198672374095118
-0.02127644475124927,0.6198441090765537
-0.021262492984199268,0.6198209719114729
-0.021248541217149267,0.6197978259060366
-0.021234589450099265,0.6197746710519991
-0.021220637683049264,0.6197515073411008
-0.021206685915999262,0.6197283347650718
-0.02119273414894926,0.6197051533156266
-0.02117878238189926,0.6196819629844701
-0.021164830614849257,0.6196587637632918
-0.021150878847799256,0.6196355556437696
-0.021136927080749254,0.6196123386175688
-0.021122975313699253,0.619589112676341
-0.02110902354664925,0.6195658778117276
-0.02109507177959925,0.6195426340153528
-0.021081120012549248,0.6195193812788303
-0.021067168245499247,0.6194961195937618
-0.021053216478449245,0.6194728489517352
-0.021039264711399244,0.6194495693443222
-0.021025312944349242,0.6194262807630879
-0.02101136117729924,0.6194029831995791
-0.02099740941024924,0.6193796766453319
-0.020983457643199237,0.6193563610918669
-0.020969505876149236,0.6193330365306954
-0.020955554109099234,0.619309702953313
-0.020941602342049233,0.6192863603512018
-0.02092765057499923,0.6192630087158313
-0.02091369880794923,0.6192396480386592
-0.020899747040899228,0.619216278311127
-0.020885795273849227,0.6191928995246657
-0.020871843506799225,0.6191695116706907
-0.020857891739749224,0.6191461147406049
-0.020843939972699222,0.6191227087257988
-0.02082998820564922,0.619099293617648
-0.02081603643859922,0.6190758694075155
-0.020802084671549217,0.6190524360867508
-0.020788132904499216,0.6190289936466883
-0.020774181137449214,0.619005542078652
-0.020760229370399213,0.6189820813739494
-0.02074627760334921,0.6189586115238759
-0.02073232583629921,0.6189351325197122
-0.02071837406924921,0.6189116443527263
-0.020704422302199207,0.6188881470141722
-0.020690470535149205,0.6188646404952899
-0.020676518768099204,0.6188411247873067
-0.020662567001049202,0.6188175998814341
-0.0206486152339992,0.6187940657688724
-0.0206346634669492,0.6187705224408063
-0.020620711699899198,0.6187469698884046
-0.020606759932849196,0.6187234081028276
-0.020592808165799194,0.6186998370752164
-0.020578856398749193,0.618676256796702
-0.02056490463169919,0.6186526672583976
-0.02055095286464919,0.6186290684514063
-0.02053700109759919,0.6186054603668151
-0.020523049330549187,0.618581842995696
-0.020509097563499185,0.6185582163291089
-0.020495145796449184,0.6185345803580987
-0.020481194029399182,0.6185109350736954
-0.02046724226234918,0.6184872804669148
-0.02045329049529918,0.6184636165287598
-0.020439338728249178,0.6184399432502188
-0.020425386961199176,0.6184162606222646
-0.020411435194149175,0.6183925686358555
-0.020397483427099173,0.618368867281938
-0.02038353166004917,0.6183451565514414
-0.02036957989299917,0.6183214364352809
-0.02035562812594917,0.6182977069243585
-0.020341676358899167,0.6182739680095628
-0.020327724591849165,0.6182502196817641
-0.020313772824799164,0.6182264619318206
-0.020299821057749162,0.6182026947505749
-0.02028586929069916,0.618178918128857
-0.02027191752364916,0.6181551320574796
-0.020257965756599158,0.618131336527242
-0.020244013989549156,0.6181075315289278
-0.020230062222499155,0.6180837170533082
-0.020216110455449153,0.6180598930911371
-0.02020215868839915,0.6180360596331546
-0.02018820692134915,0.6180122166700849
-0.02017425515429915,0.617988364192639
-0.020160303387249147,0.6179645021915123
-0.020146351620199145,0.617940630657385
-0.020132399853149144,0.6179167495809207
-0.020118448086099142,0.6178928589527718
-0.02010449631904914,0.6178689587635713
-0.02009054455199914,0.61784504900394
-0.020076592784949138,0.6178211296644839
-0.020062641017899136,0.6177972007357909
-0.020048689250849135,0.6177732622084359
-0.020034737483799133,0.6177493140729776
-0.02002078571674913,0.6177253563199608
-0.02000683394969913,0.6177013889399134
-0.01999288218264913,0.6176774119233487
-0.019978930415599127,0.617653425260764
-0.019964978648549125,0.6176294289426427
-0.019951026881499124,0.6176054229594509
-0.019937075114449122,0.6175814073016395
-0.01992312334739912,0.6175573819596457
-0.01990917158034912,0.6175333469238882
-0.019895219813299118,0.6175093021847727
-0.019881268046249116,0.6174852477326879
-0.019867316279199115,0.6174611835580062
-0.019853364512149113,0.6174371096510867
-0.01983941274509911,0.6174130260022709
-0.01982546097804911,0.6173889326018837
-0.01981150921099911,0.6173648294402369
-0.019797557443949107,0.6173407165076235
-0.019783605676899105,0.6173165937943234
-0.019769653909849104,0.6172924612905982
-0.019755702142799102,0.6172683189866935
-0.0197417503757491,0.6172441668728421
-0.0197277986086991,0.6172200049392578
-0.019713846841649098,0.6171958331761377
-0.019699895074599096,0.6171716515736654
-0.019685943307549095,0.6171474601220077
-0.019671991540499093,0.6171232588113136
-0.01965803977344909,0.6170990476317155
-0.01964408800639909,0.6170748265733335
-0.01963013623934909,0.6170505956262669
-0.019616184472299087,0.6170263547806009
-0.019602232705249086,0.6170021040264048
-0.019588280938199084,0.6169778433537302
-0.019574329171149082,0.616953572752612
-0.01956037740409908,0.6169292922130682
-0.01954642563704908,0.6169050017251051
-0.019532473869999078,0.6168807012787055
-0.019518522102949076,0.6168563908638401
-0.019504570335899075,0.6168320704704605
-0.019490618568849073,0.6168077400885033
-0.01947666680179907,0.6167833997078882
-0.01946271503474907,0.6167590493185169
-0.01944876326769907,0.616734688910276
-0.019434811500649067,0.6167103184730321
-0.019420859733599066,0.616685937996641
-0.019406907966549064,0.6166615474709342
-0.019392956199499062,0.616637146885732
-0.01937900443244906,0.6166127362308337
-0.01936505266539906,0.6165883154960254
-0.019351100898349058,0.6165638846710715
-0.019337149131299056,0.616539443745723
-0.019323197364249055,0.6165149927097141
-0.019309245597199053,0.6164905315527563
-0.019295293830149052,0.6164660602645522
-0.01928134206309905,0.6164415788347795
-0.01926739029604905,0.6164170872531031
-0.019253438528999047,0.6163925855091684
-0.019239486761949046,0.6163680735926058
-0.019225534994899044,0.616343551493025
-0.019211583227849043,0.6163190192000205
-0.01919763146079904,0.6162944767031676
-0.01918367969374904,0.6162699239920266
-0.019169727926699038,0.6162453610561383
-0.019155776159649036,0.6162207878850238
-0.019141824392599035,0.6161962044681925
-0.019127872625549033,0.6161716107951284
-0.019113920858499032,0.6161470068553043
-0.01909996909144903,0.6161223926381721
-0.01908601732439903,0.616097768133167
-0.019072065557349027,0.6160731333297034
-0.019058113790299026,0.6160484882171815
-0.019044162023249024,0.6160238327849814
-0.019030210256199023,0.6159991670224659
-0.01901625848914902,0.61597449091898
-0.01900230672209902,0.6159498044638484
-0.018988354955049018,0.6159251076463799
-0.018974403187999016,0.6159004004558649
-0.018960451420949015,0.6158756828815751
-0.018946499653899013,0.6158509549127638
-0.018932547886849012,0.615826216538666
-0.01891859611979901,0.6158014677484979
-0.01890464435274901,0.6157767085314577
-0.018890692585699007,0.6157519388767255
-0.018876740818649006,0.615727158773462
-0.018862789051599004,0.6157023682108091
-0.018848837284549003,0.6156775671778931
-0.018834885517499,0.6156527556638177
-0.018820933750449,0.6156279336576693
-0.018806981983398998,0.6156031011485159
-0.018793030216348997,0.6155782581254081
-0.018779078449298995,0.6155534045773735
-0.018765126682248993,0.6155285404934252
-0.018751174915198992,0.6155036658625549
-0.01873722314814899,0.6154787806737368
-0.01872327138109899,0.6154538849159236
-0.018709319614048987,0.6154289785780526
-0.018695367846998986,0.6154040616490377
-0.018681416079948984,0.6153791341177787
-0.018667464312898983,0.6153541959731512
-0.01865351254584898,0.6153292472040148
-0.01863956077879898,0.6153042877992078
-0.018625609011748978,0.6152793177475507
-0.018611657244698977,0.6152543370378433
-0.018597705477648975,0.6152293456588686
-0.018583753710598973,0.6152043435993858
-0.018569801943548972,0.6151793308481381
-0.01855585017649897,0.6151543073938472
-0.01854189840944897,0.6151292732252158
-0.018527946642398967,0.6151042283309275
-0.018513994875348966,0.6150791726996466
-0.018500043108298964,0.6150541063200132
-0.018486091341248963,0.6150290291806545
-0.01847213957419896,0.6150039412701734
-0.01845818780714896,0.6149788425771534
-0.018444236040098958,0.6149537330901574
-0.018430284273048957,0.6149286127977303
-0.018416332505998955,0.6149034816883967
-0.018402380738948954,0.6148783397506578
-0.018388428971898952,0.6148531869729997
-0.01837447720484895,0.6148280233438844
-0.01836052543779895,0.6148028488517544
-0.018346573670748947,0.6147776634850328
-0.018332621903698946,0.6147524672321226
-0.018318670136648944,0.6147272600814045
-0.018304718369598943,0.6147020420212411
-0.01829076660254894,0.6146768130399709
-0.01827681483549894,0.6146515731259162
-0.018262863068448938,0.6146263222673752
-0.018248911301398937,0.6146010604526275
-0.018234959534348935,0.6145757876699312
-0.018221007767298934,0.6145505039075247
-0.018207056000248932,0.6145252091536221
-0.01819310423319893,0.6144999033964197
-0.01817915246614893,0.6144745866240945
-0.018165200699098927,0.614449258824797
-0.018151248932048926,0.6144239199866617
-0.018137297164998924,0.6143985700977987
-0.018123345397948923,0.6143732091463009
-0.01810939363089892,0.6143478371202347
-0.01809544186384892,0.6143224540076495
-0.018081490096798918,0.6142970597965709
-0.018067538329748917,0.6142716544750043
-0.018053586562698915,0.6142462380309353
-0.018039634795648914,0.6142208104523232
-0.018025683028598912,0.6141953717271095
-0.01801173126154891,0.6141699218432148
-0.01799777949449891,0.6141444607885355
-0.017983827727448908,0.614118988550948
-0.017969875960398906,0.6140935051183058
-0.017955924193348904,0.6140680104784414
-0.017941972426298903,0.6140425046191644
-0.0179280206592489,0.6140169875282651
-0.0179140688921989,0.613991459193508
-0.0179001171251489,0.6139659196026391
-0.017886165358098897,0.6139403687433795
-0.017872213591048895,0.6139148066034295
-0.017858261823998894,0.6138892331704684
-0.017844310056948892,0.613863648432152
-0.01783035828989889,0.6138380523761123
-0.01781640652284889,0.6138124449899615
-0.017802454755798888,0.6137868262612873
-0.017788502988748886,0.6137611961776569
-0.017774551221698884,0.6137355547266128
-0.017760599454648883,0.6137099018956775
-0.01774664768759888,0.6136842376723487
-0.01773269592054888,0.6136585620441031
-0.01771874415349888,0.6136328749983913
-0.017704792386448877,0.6136071765226445
-0.017690840619398875,0.6135814666042712
-0.017676888852348874,0.6135557452306538
-0.017662937085298872,0.6135300123891534
-0.01764898531824887,0.6135042680671114
-0.01763503355119887,0.6134785122518384
-0.017621081784148868,0.6134527449306295
-0.017607130017098866,0.6134269660907519
-0.017593178250048865,0.6134011757194509
-0.017579226482998863,0.6133753738039494
-0.01756527471594886,0.6133495603314445
-0.01755132294889886,0.6133237352891118
-0.01753737118184886,0.6132978986641043
-0.017523419414798857,0.6132720504435474
-0.017509467647748855,0.6132461906145468
-0.017495515880698854,0.6132203191641833
-0.017481564113648852,0.6131944360795113
-0.01746761234659885,0.6131685413475663
-0.01745366057954885,0.6131426349553566
-0.017439708812498848,0.6131167168898666
-0.017425757045448846,0.6130907871380566
-0.017411805278398845,0.6130648456868648
-0.017397853511348843,0.6130388925232029
-0.01738390174429884,0.6130129276339594
-0.01736994997724884,0.6129869510059986
-0.01735599821019884,0.6129609626261603
-0.017342046443148837,0.61293496248126
-0.017328094676098835,0.6129089505580884
-0.017314142909048834,0.6128829268434102
-0.017300191141998832,0.6128568913239706
-0.01728623937494883,0.6128308439864827
-0.01727228760789883,0.6128047848176413
-0.017258335840848828,0.6127787138041143
-0.017244384073798826,0.6127526309325411
-0.017230432306748825,0.6127265361895435
-0.017216480539698823,0.6127004295617096
-0.01720252877264882,0.6126743110356118
-0.01718857700559882,0.6126481805977877
-0.01717462523854882,0.6126220382347594
-0.017160673471498817,0.6125958839330139
-0.017146721704448815,0.612569717679021
-0.017132769937398814,0.6125435394592224
-0.017118818170348812,0.6125173492600311
-0.01710486640329881,0.6124911470678402
-0.01709091463624881,0.6124649328690115
-0.017076962869198808,0.6124387066498861
-0.017063011102148806,0.6124124683967762
-0.017049059335098805,0.6123862180959699
-0.017035107568048803,0.612359955733727
-0.0170211558009988,0.6123336812962855
-0.0170072040339488,0.6123073947698537
-0.0169932522668988,0.6122810961406144
-0.016979300499848797,0.6122547853947258
-0.016965348732798795,0.6122284625183179
-0.016951396965748794,0.6122021274974975
-0.016937445198698792,0.6121757803183401
-0.01692349343164879,0.6121494209668995
-0.01690954166459879,0.6121230494292013
-0.016895589897548788,0.6120966656912433
-0.016881638130498786,0.6120702697389981
-0.016867686363448785,0.6120438615584128
-0.016853734596398783,0.612017441135403
-0.01683978282934878,0.6119910084558629
-0.01682583106229878,0.6119645635056561
-0.01681187929524878,0.6119381062706215
-0.016797927528198777,0.6119116367365692
-0.016783975761148776,0.6118851548892832
-0.016770023994098774,0.6118586607145184
-0.016756072227048772,0.6118321541980063
-0.01674212045999877,0.6118056353254475
-0.01672816869294877,0.6117791040825163
-0.016714216925898768,0.6117525604548578
-0.016700265158848766,0.611726004428093
-0.016686313391798765,0.6116994359878143
-0.016672361624748763,0.6116728551195819
-0.01665840985769876,0.6116462618089344
-0.01664445809064876,0.6116196560413798
-0.01663050632359876,0.6115930378023965
-0.016616554556548757,0.6115664070774366
-0.016602602789498756,0.6115397638519258
-0.016588651022448754,0.6115131081112578
-0.016574699255398753,0.6114864398407992
-0.01656074748834875,0.6114597590258908
-0.01654679572129875,0.6114330656518424
-0.016532843954248748,0.6114063597039364
-0.016518892187198746,0.6113796411674242
-0.016504940420148745,0.6113529100275327
-0.016490988653098743,0.611326166269456
-0.016477036886048742,0.611299409878363
-0.01646308511899874,0.6112726408393911
-0.01644913335194874,0.6112458591376477
-0.016435181584898737,0.6112190647582155
-0.016421229817848736,0.6111922576861445
-0.016407278050798734,0.6111654379064557
-0.016393326283748733,0.6111386054041416
-0.01637937451669873,0.6111117601641662
-0.01636542274964873,0.6110849021714612
-0.016351470982598728,0.6110580314109327
-0.016337519215548726,0.6110311478674525
-0.016323567448498725,0.6110042515258677
-0.016309615681448723,0.6109773423709918
-0.016295663914398722,0.6109504203876092
-0.01628171214734872,0.6109234855604756
-0.01626776038029872,0.610896537874315
-0.016253808613248717,0.6108695773138233
-0.016239856846198716,0.610842603863663
-0.016225905079148714,0.6108156175084704
-0.016211953312098713,0.6107886182328481
-0.01619800154504871,0.6107616060213686
-0.01618404977799871,0.6107345808585767
-0.016170098010948708,0.6107075427289834
-0.016156146243898706,0.6106804916170697
-0.016142194476848705,0.6106534275072861
-0.016128242709798703,0.6106263503840523
-0.016114290942748702,0.6105992602317561
-0.0161003391756987,0.6105721570347579
-0.0160863874086487,0.6105450407773805
-0.016072435641598697,0.610517911443921
-0.016058483874548696,0.6104907690186419
-0.016044532107498694,0.6104636134857765
-0.016030580340448693,0.6104364448295253
-0.01601662857339869,0.6104092630340574
-0.01600267680634869,0.6103820680835099
-0.015988725039298688,0.6103548599619891
-0.015974773272248687,0.610327638653568
-0.015960821505198685,0.6103004041422889
-0.015946869738148683,0.6102731564121621
-0.015932917971098682,0.6102458954471646
-0.01591896620404868,0.6102186212312399
-0.01590501443699868,0.6101913337483043
-0.015891062669948677,0.6101640329822366
-0.015877110902898676,0.6101367189168838
-0.015863159135848674,0.6101093915360647
-0.015849207368798673,0.6100820508235587
-0.01583525560174867,0.6100546967631163
-0.01582130383469867,0.6100273293384553
-0.015807352067648668,0.6099999485332603
-0.015793400300598667,0.6099725543311809
-0.015779448533548665,0.609945146715836
-0.015765496766498664,0.6099177256708087
-0.015751544999448662,0.6098902911796508
-0.01573759323239866,0.6098628432258808
-0.01572364146534866,0.6098353817929806
-0.015709689698298657,0.6098079068644036
-0.015695737931248656,0.6097804184235639
-0.015681786164198654,0.6097529164538454
-0.015667834397148653,0.6097254009385974
-0.01565388263009865,0.6096978718611337
-0.01563993086304865,0.6096703292047356
-0.015625979095998648,0.6096427729526496
-0.015612027328948647,0.6096152030880859
-0.015598075561898645,0.609587619594225
-0.015584123794848644,0.6095600224542089
-0.015570172027798642,0.6095324116511452
-0.01555622026074864,0.6095047871681086
-0.015542268493698639,0.6094771489881367
-0.015528316726648637,0.6094494970942349
-0.015514364959598636,0.6094218314693706
-0.015500413192548634,0.6093941520964787
-0.015486461425498633,0.6093664589584571
-0.015472509658448631,0.6093387520381687
-0.01545855789139863,0.6093110313184407
-0.015444606124348628,0.609283296782065
-0.015430654357298627,0.6092555484118003
-0.015416702590248625,0.6092277861903644
-0.015402750823198624,0.6092000101004432
-0.015388799056148622,0.6091722201246847
-0.01537484728909862,0.609144416245702
-0.015360895522048619,0.6091165984460724
-0.015346943754998617,0.609088766708334
-0.015332991987948616,0.6090609210149927
-0.015319040220898614,0.6090330613485138
-0.015305088453848613,0.6090051876913294
-0.015291136686798611,0.6089773000258312
-0.01527718491974861,0.6089493983343792
-0.015263233152698608,0.6089214825992897
-0.015249281385648607,0.6088935528028493
-0.015235329618598605,0.6088656089273017
-0.015221377851548604,0.6088376509548544
-0.015207426084498602,0.6088096788676818
-0.0151934743174486,0.6087816926479142
-0.015179522550398599,0.6087536922776485
-0.015165570783348598,0.6087256777389448
-0.015151619016298596,0.6086976490138215
-0.015137667249248594,0.6086696060842602
-0.015123715482198593,0.6086415489322085
-0.015109763715148591,0.6086134775395706
-0.01509581194809859,0.6085853918882136
-0.015081860181048588,0.6085572919599676
-0.015067908413998587,0.6085291777366246
-0.015053956646948585,0.6085010491999355
-0.015040004879898584,0.6084729063316143
-0.015026053112848582,0.6084447491133367
-0.01501210134579858,0.6084165775267371
-0.014998149578748579,0.6083883915534113
-0.014984197811698578,0.6083601911749187
-0.014970246044648576,0.608331976372777
-0.014956294277598575,0.6083037471284635
-0.014942342510548573,0.6082755034234174
-0.014928390743498571,0.6082472452390378
-0.01491443897644857,0.6082189725566854
-0.014900487209398568,0.6081906853576793
-0.014886535442348567,0.608162383623297
-0.014872583675298565,0.6081340673347791
-0.014858631908248564,0.6081057364733253
-0.014844680141198562,0.6080773910200931
-0.01483072837414856,0.6080490309562004
-0.01481677660709856,0.6080206562627246
-0.014802824840048558,0.6079922669207022
-0.014788873072998556,0.607963862911128
-0.014774921305948555,0.6079354442149577
-0.014760969538898553,0.6079070108131037
-0.014747017771848552,0.6078785626864386
-0.01473306600479855,0.6078500998157912
-0.014719114237748548,0.6078216221819536
-0.014705162470698547,0.6077931297656697
-0.014691210703648545,0.6077646225476462
-0.014677258936598544,0.6077361005085485
-0.014663307169548542,0.6077075636289959
-0.01464935540249854,0.6076790118895672
-0.01463540363544854,0.6076504452708015
-0.014621451868398538,0.607621863753191
-0.014607500101348536,0.607593267317189
-0.014593548334298535,0.6075646559432032
-0.014579596567248533,0.6075360296116026
-0.014565644800198532,0.6075073883027075
-0.01455169303314853,0.6074787319967992
-0.014537741266098528,0.6074500606741151
-0.014523789499048527,0.6074213743148479
-0.014509837731998525,0.6073926728991483
-0.014495885964948524,0.6073639564071226
-0.014481934197898522,0.6073352248188315
-0.01446798243084852,0.6073064781142961
-0.01445403066379852,0.6072777162734888
-0.014440078896748518,0.6072489392763417
-0.014426127129698516,0.6072201471027403
-0.014412175362648515,0.6071913397325243
-0.014398223595598513,0.6071625171454921
-0.014384271828548512,0.6071336793213962
-0.01437032006149851,0.6071048262399423
-0.014356368294448509,0.6070759578807939
-0.014342416527398507,0.6070470742235666
-0.014328464760348505,0.6070181752478324
-0.014314512993298504,0.6069892609331186
-0.014300561226248502,0.6069603312589037
-0.0142866094591985,0.6069313862046234
-0.0142726576921485,0.6069024257496662
-0.014258705925098498,0.6068734498733748
-0.014244754158048496,0.6068444585550468
-0.014230802390998495,0.6068154517739314
-0.014216850623948493,0.606786429509232
-0.014202898856898492,0.606757391740106
-0.01418894708984849,0.606728338445664
-0.014174995322798489,0.606699269604969
-0.014161043555748487,0.6066701851970372
-0.014147091788698486,0.6066410852008385
-0.014133140021648484,0.606611969595293
-0.014119188254598482,0.6065828383592754
-0.014105236487548481,0.6065536914716124
-0.01409128472049848,0.6065245289110829
-0.014077332953448478,0.6064953506564165
-0.014063381186398476,0.606466156686296
-0.014049429419348475,0.606436946979355
-0.014035477652298473,0.6064077215141798
-0.014021525885248472,0.6063784802693075
-0.01400757411819847,0.6063492232232254
-0.013993622351148469,0.6063199503543738
-0.013979670584098467,0.6062906616411426
-0.013965718817048466,0.6062613570618727
-0.013951767049998464,0.6062320365948557
-0.013937815282948463,0.6062027002183326
-0.013923863515898461,0.6061733479104975
-0.01390991174884846,0.606143979649491
-0.013895959981798458,0.6061145954134062
-0.013882008214748456,0.6060851951802868
-0.013868056447698455,0.6060557789281223
-0.013854104680648453,0.6060263466348549
-0.013840152913598452,0.6059968982783743
-0.01382620114654845,0.6059674338365206
-0.013812249379498449,0.6059379532870826
-0.013798297612448447,0.6059084566077979
-0.013784345845398446,0.6058789437763513
-0.013770394078348444,0.6058494147703781
-0.013756442311298443,0.6058198695674621
-0.013742490544248441,0.6057903081451324
-0.01372853877719844,0.6057607304808694
-0.013714587010148438,0.6057311365520986
-0.013700635243098436,0.6057015263361951
-0.013686683476048435,0.6056718998104793
-0.013672731708998433,0.6056422569522217
-0.013658779941948432,0.6056125977386382
-0.01364482817489843,0.6055829221468904
-0.013630876407848429,0.6055532301540897
-0.013616924640798427,0.6055235217372906
-0.013602972873748426,0.6054937968734974
-0.013589021106698424,0.6054640555396588
-0.013575069339648423,0.6054342977126678
-0.013561117572598421,0.6054045233693662
-0.01354716580554842,0.6053747324865427
-0.013533214038498418,0.6053449250409265
-0.013519262271448416,0.6053151010091959
-0.013505310504398415,0.6052852603679731
-0.013491358737348413,0.605255403093825
-0.013477406970298412,0.605225529163264
-0.01346345520324841,0.6051956385527474
-0.013449503436198409,0.6051657312386749
-0.013435551669148407,0.605135807197393
-0.013421599902098406,0.6051058664051903
-0.013407648135048404,0.6050759088383003
-0.013393696367998403,0.6050459344728997
-0.013379744600948401,0.6050159432851081
-0.0133657928338984,0.6049859352509896
-0.013351841066848398,0.6049559103465507
-0.013337889299798397,0.6049258685477401
-0.013323937532748395,0.6048958098304513
-0.013309985765698393,0.6048657341705177
-0.013296033998648392,0.6048356415437154
-0.01328208223159839,0.6048055319257662
-0.013268130464548389,0.6047754052923281
-0.013254178697498387,0.6047452616190053
-0.013240226930448386,0.6047151008813411
-0.013226275163398384,0.6046849230548211
-0.013212323396348383,0.6046547281148728
-0.013198371629298381,0.6046245160368614
-0.01318441986224838,0.6045942867960978
-0.013170468095198378,0.6045640403678287
-0.013156516328148377,0.6045337767272434
-0.013142564561098375,0.6045034958494714
-0.013128612794048374,0.6044731977095816
-0.013114661026998372,0.6044428822825818
-0.01310070925994837,0.6044125495434209
-0.013086757492898369,0.6043821994669866
-0.013072805725848367,0.604351832028104
-0.013058853958798366,0.6043214472015407
-0.013044902191748364,0.6042910449619973
-0.013030950424698363,0.6042606252841192
-0.013016998657648361,0.604230188142485
-0.01300304689059836,0.6041997335116133
-0.012989095123548358,0.604169261365963
-0.012975143356498357,0.6041387716799242
-0.012961191589448355,0.6041082644278316
-0.012947239822398354,0.6040777395839514
-0.012933288055348352,0.6040471971224903
-0.01291933628829835,0.6040166370175893
-0.012905384521248349,0.603986059243328
-0.012891432754198347,0.6039554637737196
-0.012877480987148346,0.603924850582716
-0.012863529220098344,0.6038942196442051
-0.012849577453048343,0.6038635709320063
-0.012835625685998341,0.6038329044198798
-0.01282167391894834,0.6038022200815163
-0.012807722151898338,0.6037715178905447
-0.012793770384848337,0.6037407978205266
-0.012779818617798335,0.6037100598449586
-0.012765866850748334,0.6036793039372722
-0.012751915083698332,0.6036485300708324
-0.01273796331664833,0.6036177382189382
-0.012724011549598329,0.6035869283548212
-0.012710059782548327,0.6035561004516464
-0.012696108015498326,0.6035252544825135
-0.012682156248448324,0.6034943904204534
-0.012668204481398323,0.6034635082384298
-0.012654252714348321,0.6034326079093393
-0.01264030094729832,0.6034016894060102
-0.012626349180248318,0.6033707527012022
-0.012612397413198317,0.6033397977676079
-0.012598445646148315,0.6033088245778503
-0.012584493879098314,0.6032778331044837
-0.012570542112048312,0.6032468233199931
-0.01255659034499831,0.6032157951967945
-0.012542638577948309,0.6031847487072338
-0.012528686810898308,0.6031536838235876
-0.012514735043848306,0.6031226005180623
-0.012500783276798304,0.6030914987627919
-0.012486831509748303,0.6030603785298446
-0.012472879742698301,0.6030292397912126
-0.0124589279756483,0.6029980825188194
-0.012444976208598298,0.6029669066845177
-0.012431024441548297,0.6029357122600865
-0.012417072674498295,0.6029044992172351
-0.012403120907448294,0.6028732675275994
-0.012389169140398292,0.6028420171627424
-0.01237521737334829,0.6028107480941566
-0.012361265606298289,0.6027794602932625
-0.012347313839248288,0.602748153731414
-0.012333362072198286,0.6027168283801698
-0.012319410305148285,0.6026854842096755
-0.012305458538098283,0.6026541211922656
-0.012291506771048281,0.6026227392985073
-0.01227755500399828,0.6025913384993922
-0.012263603236948278,0.6025599187658218
-0.012249651469898277,0.6025284800686234
-0.012235699702848275,0.6024970223785459
-0.012221747935798274,0.6024655456662626
-0.012207796168748272,0.6024340499023715
-0.01219384440169827,0.602402535057394
-0.01217989263464827,0.602371001101775
-0.012165940867598268,0.602339448005883
-0.012151989100548266,0.6023078757400081
-0.012138037333498265,0.6022762842743637
-0.012124085566448263,0.6022446735790875
-0.012110133799398261,0.6022130436242363
-0.01209618203234826,0.6021813943797893
-0.012082230265298258,0.602149725815649
-0.012068278498248257,0.602118037901637
-0.012054326731198255,0.602086330607497
-0.012040374964148254,0.6020546039028924
-0.012026423197098252,0.6020228577574087
-0.01201247143004825,0.6019910921405495
-0.01199851966299825,0.6019593070217385
-0.011984567895948248,0.6019275023703198
-0.011970616128898246,0.6018956781555542
-0.011956664361848245,0.6018638343466259
-0.011942712594798243,0.601831970912632
-0.011928760827748242,0.6018000878225916
-0.01191480906069824,0.6017681850454412
-0.011900857293648238,0.6017362625500333
-0.011886905526598237,0.6017043203051381
-0.011872953759548235,0.6016723582794467
-0.011859001992498234,0.6016403764415592
-0.011845050225448232,0.601608374759998
-0.01183109845839823,0.6015763532032005
-0.01181714669134823,0.6015443117395178
-0.011803194924298228,0.6015122503372171
-0.011789243157248226,0.6014801689644841
-0.011775291390198225,0.6014480675894134
-0.011761339623148223,0.6014159461800168
-0.011747387856098222,0.6013838047042238
-0.01173343608904822,0.6013516431298694
-0.011719484321998219,0.6013194614247093
-0.011705532554948217,0.6012872595564099
-0.011691580787898215,0.6012550374925493
-0.011677629020848214,0.6012227952006187
-0.011663677253798212,0.6011905326480228
-0.01164972548674821,0.6011582498020747
-0.01163577371969821,0.6011259466300016
-0.011621821952648208,0.6010936230989423
-0.011607870185598206,0.6010612791759453
-0.011593918418548205,0.6010289148279676
-0.011579966651498203,0.600996530021878
-0.011566014884448202,0.6009641247244556
-0.0115520631173982,0.600931698902389
-0.011538111350348199,0.6008992525222739
-0.011524159583298197,0.6008667855506149
-0.011510207816248196,0.6008342979538258
-0.011496256049198194,0.6008017896982293
-0.011482304282148192,0.6007692607500533
-0.011468352515098191,0.600736711075434
-0.01145440074804819,0.6007041406404149
-0.011440448980998188,0.6006715494109454
-0.011426497213948186,0.6006389373528803
-0.011412545446898185,0.6006063044319818
-0.011398593679848183,0.6005736506139151
-0.011384641912798182,0.6005409758642534
-0.01137069014574818,0.6005082801484712
-0.011356738378698179,0.6004755634319504
-0.011342786611648177,0.6004428256799759
-0.011328834844598176,0.6004100668577323
-0.011314883077548174,0.6003772869303122
-0.011300931310498172,0.6003444858627106
-0.011286979543448171,0.6003116636198209
-0.01127302777639817,0.600278820166442
-0.011259076009348168,0.6002459554672726
-0.011245124242298166,0.6002130694869129
-0.011231172475248165,0.6001801621898659
-0.011217220708198163,0.6001472335405303
-0.011203268941148162,0.6001142835032105
-0.01118931717409816,0.6000813120421051
-0.011175365407048159,0.6000483191213158
-0.011161413639998157,0.6000153047048405
-0.011147461872948156,0.5999822687565762
-0.011133510105898154,0.5999492112403204
-0.011119558338848153,0.5999161321197642
-0.011105606571798151,0.599883031358496
-0.01109165480474815,0.5998499089200053
-0.011077703037698148,0.599816764767673
-0.011063751270648146,0.5997835988647775
-0.011049799503598145,0.5997504111744936
-0.011035847736548143,0.5997172016598908
-0.011021895969498142,0.5996839702839324
-0.01100794420244814,0.5996507170094764
-0.010993992435398139,0.599617441799274
-0.010980040668348137,0.5995841446159702
-0.010966088901298136,0.5995508254221026
-0.010952137134248134,0.5995174841801018
-0.010938185367198133,0.5994841208522897
-0.010924233600148131,0.5994507354008799
-0.01091028183309813,0.5994173277879778
-0.010896330066048128,0.599383897975577
-0.010882378298998126,0.5993504459255641
-0.010868426531948125,0.5993169715997162
-0.010854474764898123,0.5992834749596957
-0.010840522997848122,0.599249955967057
-0.01082657123079812,0.5992164145832417
-0.010812619463748119,0.5991828507695791
-0.010798667696698117,0.5991492644872869
-0.010784715929648116,0.5991156556974694
-0.010770764162598114,0.5990820243611172
-0.010756812395548113,0.5990483704391073
-0.010742860628498111,0.5990146938922022
-0.01072890886144811,0.5989809946810487
-0.010714957094398108,0.598947272766178
-0.010701005327348106,0.5989135281080077
-0.010687053560298105,0.5988797606668387
-0.010673101793248103,0.5988459704028499
-0.010659150026198102,0.5988121572761105
-0.0106451982591481,0.5987783212465682
-0.010631246492098099,0.59874446227405
-0.010617294725048097,0.5987105803182683
-0.010603342957998096,0.5986766753388141
-0.010589391190948094,0.5986427472951596
-0.010575439423898093,0.5986087961466544
-0.010561487656848091,0.5985748218525305
-0.01054753588979809,0.5985408243718952
-0.010533584122748088,0.5985068036637379
-0.010519632355698087,0.5984727596869206
-0.010505680588648085,0.5984386924001875
-0.010491728821598083,0.5984046017621552
-0.010477777054548082,0.5983704877313196
-0.01046382528749808,0.5983363502660489
-0.010449873520448079,0.5983021893245909
-0.010435921753398077,0.5982680048650617
-0.010421969986348076,0.5982337968454569
-0.010408018219298074,0.5981995652236424
-0.010394066452248073,0.5981653099573577
-0.010380114685198071,0.5981310310042153
-0.01036616291814807,0.5980967283216964
-0.010352211151098068,0.5980624018671586
-0.010338259384048067,0.5980280515978259
-0.010324307616998065,0.5979936774707936
-0.010310355849948064,0.5979592794430262
-0.010296404082898062,0.5979248574713589
-0.01028245231584806,0.597890411512493
-0.010268500548798059,0.5978559415229971
-0.010254548781748057,0.5978214474593113
-0.010240597014698056,0.5977869292777371
-0.010226645247648054,0.5977523869344443
-0.010212693480598053,0.59771782038547
-0.010198741713548051,0.5976832295867136
-0.01018478994649805,0.5976486144939381
-0.010170838179448048,0.5976139750627734
-0.010156886412398047,0.59757931124871
-0.010142934645348045,0.5975446230071023
-0.010128982878298044,0.5975099102931656
-0.010115031111248042,0.5974751730619767
-0.01010107934419804,0.597440411268473
-0.010087127577148039,0.5974056248674522
-0.010073175810098037,0.5973708138135717
-0.010059224043048036,0.5973359780613475
-0.010045272275998034,0.5973011175651526
-0.010031320508948033,0.597266232279219
-0.010017368741898031,0.5972313221576353
-0.01000341697484803,0.5971963871543469
-0.009989465207798028,0.597161427223153
-0.009975513440748027,0.5971264423177088
-0.009961561673698025,0.5970914323915252
-0.009947609906648024,0.5970563973979653
-0.009933658139598022,0.5970213372902449
-0.00991970637254802,0.5969862520214329
-0.009905754605498019,0.5969511415444494
-0.009891802838448017,0.5969160058120659
-0.009877851071398016,0.596880844776905
-0.009863899304348014,0.596845658391438
-0.009849947537298013,0.596810446607985
-0.009835995770248011,0.5967752093787132
-0.00982204400319801,0.5967399466556417
-0.009808092236148008,0.5967046583906327
-0.009794140469098007,0.5966693445353942
-0.009780188702048005,0.5966340050414819
-0.009766236934998004,0.5965986398602955
-0.009752285167948002,0.5965632489430746
-0.009738333400898,0.5965278322408958
-0.009724381633847999,0.5964923897046219
-0.009710429866797998,0.5964569212858319
-0.009696478099747996,0.5964214269334973
-0.009682526332697994,0.596385906599256
-0.009668574565647993,0.5963503602331685
-0.009654622798597991,0.5963147877853423
-0.00964067103154799,0.5962791892057456
-0.009626719264497988,0.596243564444186
-0.009612767497447987,0.5962079134503067
-0.009598815730397985,0.5961722361735896
-0.009584863963347984,0.596136532563351
-0.009570912196297982,0.596100802568742
-0.00955696042924798,0.5960650461387489
-0.00954300866219798,0.596029263222186
-0.009529056895147978,0.5959934537677058
-0.009515105128097976,0.5959576177237887
-0.009501153361047975,0.5959217550387462
-0.009487201593997973,0.595885865660722
-0.009473249826947971,0.5958499495376854
-0.00945929805989797,0.5958140066174352
-0.009445346292847968,0.5957780368475989
-0.009431394525797967,0.5957420401756284
-0.009417442758747965,0.5957060165488014
-0.009403490991697964,0.595669965914226
-0.009389539224647962,0.5956338882188252
-0.00937558745759796,0.5955977834093502
-0.00936163569054796,0.5955616514323775
-0.009347683923497958,0.5955254922342988
-0.009333732156447956,0.5954893057613319
-0.009319780389397955,0.5954530919595117
-0.009305828622347953,0.5954168507746932
-0.009291876855297952,0.5953805821525493
-0.00927792508824795,0.5953442860385686
-0.009263973321197948,0.5953079623780576
-0.009250021554147947,0.5952716111161394
-0.009236069787097945,0.5952352321977501
-0.009222118020047944,0.5951988255676398
-0.009208166252997942,0.595162391170371
-0.00919421448594794,0.5951259289503191
-0.00918026271889794,0.5950894388516698
-0.009166310951847938,0.5950529208184197
-0.009152359184797936,0.5950163747943725
-0.009138407417747935,0.5949798007231433
-0.009124455650697933,0.5949431985481521
-0.009110503883647932,0.5949065682126251
-0.00909655211659793,0.5948699096595964
-0.009082600349547928,0.5948332228319025
-0.009068648582497927,0.5947965076721823
-0.009054696815447925,0.5947597641228798
-0.009040745048397924,0.5947229921262406
-0.009026793281347922,0.5946861916243088
-0.00901284151429792,0.5946493625589286
-0.00899888974724792,0.594612504871743
-0.008984937980197918,0.5945756185041948
-0.008970986213147916,0.5945387033975198
-0.008957034446097915,0.5945017594927507
-0.008943082679047913,0.5944647867307178
-0.008929130911997912,0.59442778505204
-0.00891517914494791,0.5943907543971316
-0.008901227377897909,0.5943536947061973
-0.008887275610847907,0.5943166059192334
-0.008873323843797905,0.5942794879760264
-0.008859372076747904,0.5942423408161472
-0.008845420309697902,0.5942051643789578
-0.008831468542647901,0.5941679586036057
-0.0088175167755979,0.5941307234290216
-0.008803565008547898,0.5940934587939218
-0.008789613241497896,0.5940561646368074
-0.008775661474447895,0.5940188408959574
-0.008761709707397893,0.5939814875094327
-0.008747757940347892,0.5939441044150764
-0.00873380617329789,0.593906691550508
-0.008719854406247889,0.593869248853123
-0.008705902639197887,0.5938317762600975
-0.008691950872147886,0.5937942737083785
-0.008677999105097884,0.5937567411346881
-0.008664047338047882,0.593719178475522
-0.008650095570997881,0.5936815856671485
-0.00863614380394788,0.5936439626456024
-0.008622192036897878,0.5936063093466919
-0.008608240269847876,0.5935686257059913
-0.008594288502797875,0.5935309116588428
-0.008580336735747873,0.593493167140354
-0.008566384968697872,0.5934553920853946
-0.00855243320164787,0.5934175864286009
-0.008538481434597869,0.5933797501043692
-0.008524529667547867,0.5933418830468589
-0.008510577900497866,0.593303985189985
-0.008496626133447864,0.5932660564674255
-0.008482674366397863,0.5932280968126102
-0.008468722599347861,0.5931901061587295
-0.00845477083229786,0.5931520844387249
-0.008440819065247858,0.5931140315852922
-0.008426867298197856,0.5930759475308789
-0.008412915531147855,0.5930378322076838
-0.008398963764097853,0.5929996855476541
-0.008385011997047852,0.5929615074824852
-0.00837106022999785,0.5929232979436191
-0.008357108462947849,0.5928850568622427
-0.008343156695897847,0.5928467841692859
-0.008329204928847846,0.5928084797954232
-0.008315253161797844,0.5927701436710683
-0.008301301394747843,0.5927317757263775
-0.008287349627697841,0.5926933758912399
-0.00827339786064784,0.592654944095288
-0.008259446093597838,0.5926164802678858
-0.008245494326547836,0.5925779843381322
-0.008231542559497835,0.5925394562348589
-0.008217590792447833,0.5925008958866289
-0.008203639025397832,0.592462303221735
-0.00818968725834783,0.5924236781681993
-0.008175735491297829,0.592385020653769
-0.008161783724247827,0.5923463306059161
-0.008147831957197826,0.59230760795184
-0.008133880190147824,0.5922688526184576
-0.008119928423097823,0.5922300645324124
-0.008105976656047821,0.5921912436200613
-0.00809202488899782,0.5921523898074826
-0.008078073121947818,0.5921135030204695
-0.008064121354897816,0.5920745831845309
-0.008050169587847815,0.5920356302248879
-0.008036217820797813,0.591996644066472
-0.008022266053747812,0.5919576246339278
-0.00800831428669781,0.5919185718516058
-0.007994362519647809,0.5918794856435627
-0.007980410752597807,0.5918403659335618
-0.007966458985547806,0.5918012126450702
-0.007952507218497804,0.5917620257012542
-0.007938555451447803,0.5917228050249835
-0.007924603684397801,0.5916835505388236
-0.0079106519173478,0.5916442621650372
-0.007896700150297798,0.591604939825583
-0.007882748383247797,0.5915655834421141
-0.007868796616197795,0.59152619293597
-0.007854844849147793,0.5914867682281862
-0.007840893082097792,0.5914473092394843
-0.00782694131504779,0.5914078158902698
-0.007812989547997789,0.591368288100635
-0.007799037780947787,0.5913287257903557
-0.007785086013897786,0.5912891288788875
-0.007771134246847784,0.591249497285364
-0.007757182479797783,0.5912098309285969
-0.007743230712747781,0.5911701297270755
-0.00772927894569778,0.5911303935989609
-0.007715327178647778,0.5910906224620839
-0.007701375411597777,0.5910508162339491
-0.007687423644547775,0.5910109748317272
-0.0076734718774977735,0.5909710981722535
-0.007659520110447772,0.5909311861720303
-0.0076455683433977704,0.5908912387472194
-0.007631616576347769,0.5908512558136433
-0.007617664809297767,0.5908112372867859
-0.007603713042247766,0.5907711830817827
-0.007589761275197764,0.5907310931134259
-0.007575809508147763,0.590690967296158
-0.007561857741097761,0.5906508055440766
-0.00754790597404776,0.5906106077709213
-0.007533954206997758,0.5905703738900805
-0.007520002439947757,0.5905301038145878
-0.007506050672897755,0.590489797457116
-0.0074920989058477536,0.5904494547299803
-0.007478147138797752,0.590409075545131
-0.0074641953717477505,0.5903686598141553
-0.007450243604697749,0.590328207448274
-0.007436291837647747,0.5902877183583377
-0.007422340070597746,0.5902471924548273
-0.007408388303547744,0.5902066296478493
-0.007394436536497743,0.5901660298471355
-0.007380484769447741,0.5901253929620406
-0.00736653300239774,0.5900847189015366
-0.007352581235347738,0.5900440075742166
-0.007338629468297737,0.5900032588882858
-0.007324677701247735,0.5899624727515652
-0.007310725934197734,0.5899216490714843
-0.007296774167147732,0.5898807877550827
-0.0072828224000977305,0.5898398887090054
-0.007268870633047729,0.5897989518395002
-0.0072549188659977275,0.5897579770524156
-0.007240967098947726,0.5897169642532027
-0.007227015331897724,0.5896759133469051
-0.007213063564847723,0.5896348242381599
-0.007199111797797721,0.5895936968311978
-0.00718516003074772,0.5895525310298375
-0.007171208263697718,0.5895113267374832
-0.007157256496647717,0.589470083857123
-0.007143304729597715,0.5894288022913271
-0.007129352962547714,0.5893874819422441
-0.007115401195497712,0.5893461227115969
-0.007101449428447711,0.5893047245006836
-0.007087497661397709,0.5892632872103718
-0.0070735458943477075,0.5892218107410988
-0.007059594127297706,0.5891802949928628
-0.0070456423602477045,0.5891387398652299
-0.007031690593197703,0.5890971452573227
-0.007017738826147701,0.5890555110678213
-0.0070037870590977,0.5890138371949609
-0.006989835292047698,0.5889721235365266
-0.006975883524997697,0.5889303699898543
-0.006961931757947695,0.5888885764518221
-0.006947979990897694,0.5888467428188557
-0.006934028223847692,0.5888048689869143
-0.006920076456797691,0.5887629548515021
-0.006906124689747689,0.5887210003076502
-0.006892172922697688,0.5886790052499228
-0.006878221155647686,0.5886369695724148
-0.0068642693885976845,0.588594893168742
-0.006850317621547683,0.5885527759320461
-0.0068363658544976814,0.5885106177549841
-0.00682241408744768,0.5884684185297312
-0.006808462320397678,0.5884261781479717
-0.006794510553347677,0.5883838965009047
-0.006780558786297675,0.5883415734792306
-0.006766607019247674,0.5882992089731564
-0.006752655252197672,0.5882568028723856
-0.006738703485147671,0.5882143550661195
-0.006724751718097669,0.5881718654430552
-0.006710799951047668,0.5881293338913748
-0.006696848183997666,0.5880867602987495
-0.0066828964169476646,0.5880441445523348
-0.006668944649897663,0.5880014865387618
-0.0066549928828476615,0.5879587861441442
-0.00664104111579766,0.5879160432540614
-0.006627089348747658,0.5878732577535662
-0.006613137581697657,0.5878304295271762
-0.006599185814647655,0.5877875584588719
-0.006585234047597654,0.5877446444320905
-0.006571282280547652,0.5877016873297256
-0.006557330513497651,0.5876586870341215
-0.006543378746447649,0.5876156434270687
-0.006529426979397648,0.587572556389806
-0.006515475212347646,0.5875294258030052
-0.006501523445297645,0.5874862515467805
-0.006487571678247643,0.587443033500676
-0.0064736199111976415,0.5873997715436636
-0.00645966814414764,0.5873564655541423
-0.0064457163770976385,0.5873131154099286
-0.006431764610047637,0.5872697209882596
-0.006417812842997635,0.58722628216578
-0.006403861075947634,0.5871827988185488
-0.006389909308897632,0.5871392708220259
-0.006375957541847631,0.5870956980510738
-0.006362005774797629,0.5870520803799497
-0.006348054007747628,0.5870084176823025
-0.006334102240697626,0.5869647098311719
-0.006320150473647625,0.5869209566989787
-0.006306198706597623,0.5868771581575235
-0.006292246939547622,0.5868333140779852
-0.00627829517249762,0.5867894243309076
-0.0062643434054476185,0.5867454887862046
-0.006250391638397617,0.586701507313151
-0.0062364398713476155,0.5866574797803797
-0.006222488104297614,0.5866134060558736
-0.006208536337247612,0.5865692860069678
-0.006194584570197611,0.5865251195003369
-0.006180632803147609,0.5864809064019968
-0.006166681036097608,0.5864366465772965
-0.006152729269047606,0.5863923398909152
-0.006138777501997605,0.5863479862068554
-0.006124825734947603,0.5863035853884403
-0.006110873967897602,0.586259137298309
-0.0060969222008476,0.5862146417984059
-0.006082970433797599,0.5861700987499864
-0.006069018666747597,0.5861255080136006
-0.0060550668996975955,0.5860808694490973
-0.006041115132647594,0.58603618291561
-0.0060271633655975924,0.5859914482715614
-0.006013211598547591,0.5859466653746527
-0.005999259831497589,0.5859018340818554
-0.005985308064447588,0.5858569542494134
-0.005971356297397586,0.5858120257328318
-0.005957404530347585,0.5857670483868754
-0.005943452763297583,0.5857220220655571
-0.005929500996247582,0.5856769466221423
-0.00591554922919758,0.5856318219091327
-0.005901597462147579,0.585586647778268
-0.005887645695097577,0.5855414240805146
-0.0058736939280475756,0.5854961506660669
-0.005859742160997574,0.5854508273843364
-0.0058457903939475725,0.5854054540839448
-0.005831838626897571,0.5853600306127213
-0.005817886859847569,0.5853145568176968
-0.005803935092797568,0.5852690325450948
-0.005789983325747566,0.5852234576403268
-0.005776031558697565,0.5851778319479871
-0.005762079791647563,0.5851321553118467
-0.005748128024597562,0.585086427574844
-0.00573417625754756,0.5850406485790819
-0.005720224490497559,0.5849948181658208
-0.005706272723447557,0.5849489361754668
-0.005692320956397556,0.584903002447577
-0.005678369189347554,0.5848570168208386
-0.0056644174222975525,0.5848109791330741
-0.005650465655247551,0.5847648892212253
-0.0056365138881975495,0.5847187469213556
-0.005622562121147548,0.5846725520686327
-0.005608610354097546,0.5846263044973337
-0.005594658587047545,0.5845800040408244
-0.005580706819997543,0.5845336505315645
-0.005566755052947542,0.5844872438010918
-0.00555280328589754,0.5844407836800228
-0.005538851518847539,0.5843942699980381
-0.005524899751797537,0.5843477025838774
-0.005510947984747536,0.5843010812653318
-0.005496996217697534,0.5842544058692407
-0.005483044450647533,0.5842076762214763
-0.005469092683597531,0.5841608921469424
-0.0054551409165475295,0.584114053469562
-0.005441189149497528,0.584067160012275
-0.0054272373824475265,0.5840202115970226
-0.005413285615397525,0.5839732080447463
-0.005399333848347523,0.5839261491753761
-0.005385382081297522,0.5838790348078216
-0.00537143031424752,0.5838318647599671
-0.005357478547197519,0.5837846388486614
-0.005343526780147517,0.5837373568897066
-0.005329575013097516,0.5836900186978544
-0.005315623246047514,0.5836426240867942
-0.005301671478997513,0.5835951728691446
-0.005287719711947511,0.5835476648564465
-0.00527376794489751,0.5835000998591522
-0.005259816177847508,0.583452477686616
-0.0052458644107975065,0.583404798147085
-0.005231912643747505,0.5833570610476945
-0.0052179608766975034,0.5833092661944526
-0.005204009109647502,0.5832614133922307
-0.0051900573425975,0.5832135024447592
-0.005176105575547499,0.5831655331546153
-0.005162153808497497,0.5831175053232105
-0.005148202041447496,0.5830694187507854
-0.005134250274397494,0.5830212732363942
-0.005120298507347493,0.5829730685779001
-0.005106346740297491,0.5829248045719613
-0.00509239497324749,0.5828764810140217
-0.005078443206197488,0.5828280976983032
-0.0050644914391474866,0.5827796544177893
-0.005050539672097485,0.5827311509642203
-0.0050365879050474835,0.5826825871280779
-0.005022636137997482,0.582633962698576
-0.00500868437094748,0.5825852774636526
-0.004994732603897479,0.5825365312099534
-0.004980780836847477,0.5824877237228232
-0.004966829069797476,0.5824388547862954
-0.004952877302747474,0.582389924183076
-0.004938925535697473,0.5823409316945398
-0.004924973768647471,0.5822918771007097
-0.00491102200159747,0.5822427601802507
-0.004897070234547468,0.5821935807104547
-0.004883118467497467,0.58214433846723
-0.004869166700447465,0.5820950332250878
-0.0048552149333974635,0.5820456647571307
-0.004841263166347462,0.5819962328350392
-0.0048273113992974605,0.5819467372290569
-0.004813359632247459,0.5818971777079818
-0.004799407865197457,0.581847554039151
-0.004785456098147456,0.5817978659884231
-0.004771504331097454,0.5817481133201737
-0.004757552564047453,0.5816982957972736
-0.004743600796997451,0.5816484131810806
-0.00472964902994745,0.5815984652314187
-0.004715697262897448,0.5815484517065747
-0.004701745495847447,0.5814983723632708
-0.004687793728797445,0.5814482269566609
-0.004673841961747444,0.5813980152403092
-0.004659890194697442,0.5813477369661793
-0.0046459384276474405,0.5812973918846174
-0.004631986660597439,0.5812469797443357
-0.0046180348935474375,0.5811965002924016
-0.004604083126497436,0.5811459532742163
-0.004590131359447434,0.5810953384335005
-0.004576179592397433,0.581044655512285
-0.004562227825347431,0.5809939042508837
-0.00454827605829743,0.5809430843878849
-0.004534324291247428,0.580892195660131
-0.004520372524197427,0.5808412378027041
-0.004506420757147425,0.5807902105489064
-0.004492468990097424,0.5807391136302458
-0.004478517223047422,0.5806879467764159
-0.004464565455997421,0.5806367097152794
-0.004450613688947419,0.580585402172851
-0.0044366619218974175,0.5805340238732747
-0.004422710154847416,0.5804825745388139
-0.0044087583877974144,0.5804310538898241
-0.004394806620747413,0.5803794616447394
-0.004380854853697411,0.5803277975200497
-0.00436690308664741,0.5802760612302857
-0.004352951319597408,0.5802242524879951
-0.004338999552547407,0.5801723710037238
-0.004325047785497405,0.5801204164859977
-0.004311096018447404,0.5800683886413001
-0.004297144251397402,0.5800162871740528
-0.004283192484347401,0.5799641117865906
-0.004269240717297399,0.5799118621791473
-0.0042552889502473976,0.5798595380498289
-0.004241337183197396,0.5798071390945913
-0.0042273854161473945,0.5797546650072238
-0.004213433649097393,0.5797021154793182
-0.004199481882047391,0.5796494902002556
-0.00418553011499739,0.5795967888571734
-0.004171578347947388,0.5795440111349526
-0.004157626580897387,0.5794911567161805
-0.004143674813847385,0.5794382252811427
-0.004129723046797384,0.5793852165077866
-0.004115771279747382,0.5793321300716997
-0.004101819512697381,0.5792789656460895
-0.004087867745647379,0.5792257229017524
-0.004073915978597378,0.5791724015070466
-0.004059964211547376,0.5791190011278737
-0.0040460124444973745,0.5790655214276451
-0.004032060677447373,0.5790119620672598
-0.0040181089103973715,0.5789583227050717
-0.00400415714334737,0.5789046029968701
-0.003990205376297368,0.578850802595842
-0.003976253609247367,0.5787969211525513
-0.003962301842197365,0.578742958314908
-0.003948350075147364,0.5786889137281362
-0.003934398308097362,0.5786347870347476
-0.003920446541047361,0.5785805778745099
-0.003906494773997359,0.578526285884417
-0.0038925430069473577,0.5784719106986578
-0.003878591239897356,0.5784174519485836
-0.0038646394728473546,0.5783629092626783
-0.003850687705797353,0.5783082822665242
-0.0038367359387473515,0.5782535705827694
-0.00382278417169735,0.5781987738310966
-0.0038088324046473485,0.5781438916281847
-0.003794880637597347,0.5780889235876813
-0.0037809288705473454,0.578033869320158
-0.003766977103497344,0.5779787284330867
-0.0037530253364473423,0.5779235005307939
-0.003739073569397341,0.5778681852144286
-0.0037251218023473393,0.5778127820819267
-0.0037111700352973377,0.5777572907279687
-0.003697218268247336,0.5777017107439442
-0.0036832665011973346,0.5776460417179139
-0.003669314734147333,0.5775902832345702
-0.0036553629670973316,0.5775344348751941
-0.00364141120004733,0.577478496217619
-0.0036274594329973285,0.5774224668361847
-0.003613507665947327,0.5773663463016994
-0.0035995558988973254,0.5773101341813949
-0.003585604131847324,0.5772538300388843
-0.0035716523647973224,0.5771974334341184
-0.003557700597747321,0.5771409439233387
-0.0035437488306973193,0.5770843610590342
-0.0035297970636473178,0.5770276843898962
-0.0035158452965973162,0.5769709134607679
-0.0035018935295473147,0.5769140478126007
-0.003487941762497313,0.5768570869824011
-0.0034739899954473116,0.5768000305031881
-0.00346003822839731,0.5767428779039351
-0.0034460864613473086,0.5766856287095281
-0.003432134694297307,0.5766282824407046
-0.0034181829272473055,0.576570838614009
-0.003404231160197304,0.5765132967417336
-0.0033902793931473024,0.5764556563318685
-0.003376327626097301,0.5763979168880428
-0.0033623758590472994,0.5763400779094707
-0.003348424091997298,0.5762821388908932
-0.0033344723249472963,0.5762240993225208
-0.0033205205578972947,0.5761659586899749
-0.003306568790847293,0.5761077164742252
-0.0032926170237972917,0.5760493721515296
-0.00327866525674729,0.5759909251933769
-0.0032647134896972886,0.5759323750664137
-0.003250761722647287,0.5758737212323879
-0.0032368099555972855,0.5758149631480812
-0.003222858188547284,0.5757561002652407
-0.0032089064214972825,0.575697132030513
-0.003194954654447281,0.5756380578853724
-0.0031810028873972794,0.5755788772660547
-0.003167051120347278,0.5755195896034832
-0.0031530993532972763,0.5754601943231937
-0.003139147586247275,0.5754006908452646
-0.0031251958191972733,0.5753410785842374
-0.0031112440521472717,0.5752813569490454
-0.00309729228509727,0.5752215253429264
-0.0030833405180472687,0.5751615831633509
-0.003069388750997267,0.5751015298019387
-0.0030554369839472656,0.5750413646443725
-0.003041485216897264,0.5749810870703201
-0.0030275334498472625,0.5749206964533417
-0.003013581682797261,0.5748601921608069
-0.0029996299157472595,0.5747995735538034
-0.002985678148697258,0.574738839987049
-0.0029717263816472564,0.5746779908087928
-0.002957774614597255,0.5746170253607275
-0.0029438228475472533,0.5745559429778901
-0.002929871080497252,0.5744947429885627
-0.0029159193134472502,0.5744334247141769
-0.0029019675463972487,0.5743719874692044
-0.002888015779347247,0.5743104305610621
-0.0028740640122972456,0.574248753289997
-0.002860112245247244,0.574186954948986
-0.0028461604781972426,0.574125034823619
-0.002832208711147241,0.5740629921919924
-0.0028182569440972395,0.5740008263245893
-0.002804305177047238,0.5739385364841664
-0.0027903534099972364,0.5738761219256294
-0.002776401642947235,0.5738135818959172
-0.0027624498758972334,0.5737509156338751
-0.002748498108847232,0.5736881223701231
-0.0027345463417972303,0.5736252013269353
-0.0027205945747472288,0.5735621517180995
-0.0027066428076972272,0.5734989727487874
-0.0026926910406472257,0.5734356636154124
-0.002678739273597224,0.5733722235054927
-0.0026647875065472226,0.5733086515975057
-0.002650835739497221,0.5732449470607401
-0.0026368839724472196,0.5731811090551463
-0.002622932205397218,0.5731171367311841
-0.0026089804383472165,0.5730530292296668
-0.002595028671297215,0.5729887856815976
-0.0025810769042472134,0.5729244052080082
-0.002567125137197212,0.5728598869197932
-0.0025531733701472104,0.5727952299175344
-0.002539221603097209,0.5727304332913324
-0.0025252698360472073,0.5726654961206219
-0.0025113180689972057,0.5726004174739933
-0.002497366301947204,0.5725351964090037
-0.0024834145348972027,0.5724698319719861
-0.002469462767847201,0.5724043231978523
-0.0024555110007971996,0.5723386691098995
-0.002441559233747198,0.5722728687195965
-0.0024276074666971965,0.5722069210263803
-0.002413655699647195,0.5721408250174387
-0.0023997039325971935,0.5720745796674943
-0.002385752165547192,0.5720081839385779
-0.0023718003984971904,0.5719416367797957
-0.002357848631447189,0.571874937127101
-0.0023438968643971873,0.571808083903044
-0.002329945097347186,0.5717410760165331
-0.0023159933302971843,0.5716739123625785
-0.0023020415632471827,0.5716065918220298
-0.002288089796197181,0.5715391132613151
-0.0022741380291471797,0.5714714755321688
-0.002260186262097178,0.571403677471346
-0.0022462344950471766,0.5713357179003451
-0.002232282727997175,0.5712675956251084
-0.0022183309609471735,0.5711993094357248
-0.002204379193897172,0.5711308581061175
-0.0021904274268471705,0.5710622403937312
-0.002176475659797169,0.5709934550392054
-0.0021625238927471674,0.5709245007660427
-0.002148572125697166,0.5708553762802635
-0.0021346203586471643,0.5707860802700604
-0.0021206685915971628,0.5707166114054318
-0.0021067168245471612,0.5706469683378166
-0.0020927650574971597,0.5705771496997109
-0.002078813290447158,0.5705071541042805
-0.0020648615233971566,0.5704369801449582
-0.002050909756347155,0.570366626395032
-0.0020369579892971536,0.5702960914072208
-0.002023006222247152,0.5702253737132413
-0.0020090544551971505,0.5701544718233591
-0.001995102688147149,0.5700833842259281
-0.0019811509210971474,0.570012109386918
-0.001967199154047146,0.5699406457494276
-0.0019532473869971444,0.5698689917331825
-0.0019392956199471428,0.5697971457340232
-0.0019253438528971413,0.5697251061233691
-0.0019113920858471398,0.5696528712476776
-0.0018974403187971382,0.569580439427878
-0.0018834885517471367,0.5695078089587937
-0.0018695367846971352,0.5694349781085465
-0.0018555850176471336,0.5693619451179394
-0.001841633250597132,0.569288708199824
-0.0018276814835471306,0.569215265538449
-0.001813729716497129,0.5691416152887842
-0.0017997779494471275,0.5690677555758265
-0.001785826182397126,0.568993684493885
-0.0017718744153471244,0.5689194001058402
-0.0017579226482971229,0.5688449004423816
-0.0017439708812471214,0.5687701835012202
-0.0017300191141971198,0.568695247246275
-0.0017160673471471183,0.5686200896068339
-0.0017021155800971167,0.5685447084766869
-0.0016881638130471152,0.5684691017132276
-0.0016742120459971137,0.5683932671365262
-0.0016602602789471121,0.5683172025283751
-0.0016463085118971106,0.5682409056312951
-0.001632356744847109,0.5681643741475128
-0.0016184049777971075,0.5680876057378971
-0.001604453210747106,0.5680105980208627
-0.0015905014436971045,0.5679333485712388
-0.001576549676647103,0.5678558549190841
-0.0015625979095971014,0.5677781145484729
-0.0015486461425470999,0.5677001248962303
-0.0015346943754970983,0.567621883350624
-0.0015207426084470968,0.5675433872500029
-0.0015067908413970953,0.5674646338813921
-0.0014928390743470937,0.5673856204790312
-0.0014788873072970922,0.5673063442228549
-0.0014649355402470907,0.5672268022369197
-0.0014509837731970891,0.5671469915877694
-0.0014370320061470876,0.5670669092827296
-0.001423080239097086,0.5669865522681485
-0.0014091284720470845,0.5669059174275556
-0.001395176704997083,0.5668250015797512
-0.0013812249379470815,0.5667438014768178
-0.00136727317089708,0.5666623138020496
-0.0013533214038470784,0.5665805351678013
-0.0013393696367970769,0.5664984621132357
-0.0013254178697470753,0.5664160911019881
-0.0013114661026970738,0.5663334185197234
-0.0012975143356470722,0.5662504406715894
-0.0012835625685970707,0.5661671537795627
-0.0012696108015470692,0.5660835539796746
-0.0012556590344970676,0.5659996373191082
-0.0012417072674470661,0.5659153997531767
-0.0012277555003970646,0.5658308371421531
-0.001213803733347063,0.565745945247963
-0.0011998519662970615,0.5656607197307123
-0.00118590019924706,0.5655751561450617
-0.0011719484321970584,0.5654892499364228
-0.001157996665147057,0.5654029964369736
-0.0011440448980970554,0.565316390861474
-0.0011300931310470538,0.5652294283028851
-0.0011161413639970523,0.5651421037277561
-0.0011021895969470508,0.5650544119713883
-0.0010882378298970492,0.5649663477327466
-0.0010742860628470477,0.5648779055691079
-0.0010603342957970462,0.5647890798904258
-0.0010463825287470446,0.564699864953399
-0.001032430761697043,0.5646102548552168
-0.0010184789946470416,0.5645202435269624
-0.00100452722759704,0.5644298247266537
-0.0009905754605470385,0.5643389920318876
-0.000976623693497037,0.5642477388320674
-0.0009626719264470354,0.5641560583201848
-0.0009487201593970339,0.5640639434841149
-0.0009347683923470324,0.5639713870973924
-0.0009208166252970308,0.5638783817094378
-0.0009068648582470293,0.5637849196351783
-0.0008929130911970277,0.5636909929440244
-0.0008789613241470262,0.563596593448151
-0.0008650095570970247,0.563501712690025
-0.0008510577900470231,0.5634063419291232
-0.0008371060229970216,0.5633104721277649
-0.0008231542559470201,0.5632140939359912
-0.0008092024888970185,0.5631171976754134
-0.000795250721847017,0.5630197733219272
-0.0007812989547970155,0.5629218104872118
-0.0007673471877470139,0.5628232983988826
-0.0007533954206970124,0.562724225879198
-0.0007394436536470109,0.5626245813221661
-0.0007254918865970093,0.5625243526689025
-0.0007115401195470078,0.5624235273810856
-0.0006975883524970063,0.5623220924123039
-0.0006836365854470047,0.5622200341770847
-0.0006696848183970032,0.5621173385173809
-0.0006557330513470017,0.5620139906662301
-0.0006417812842970001,0.5619099752082972
-0.0006278295172469986,0.5618052760369551
-0.0006138777501969971,0.5616998763075158
-0.0005999259831469955,0.5615937583861652
-0.000585974216096994,0.5614869037941211
-0.0005720224490469925,0.5613792931464139
-0.0005580706819969909,0.5612709060846484
-0.0005441189149469894,0.5611617212029857
-0.0005301671478969879,0.5610517159664691
-0.0005162153808469863,0.5609408666206855
-0.0005022636137969848,0.5608291480915798
-0.0004883118467469832,0.5607165338740402
-0.0004743600796969817,0.5606029959076715
-0.0004604083126469802,0.5604885044378104
-0.00044645654559697864,0.5603730278595922
-0.0004325047785469771,0.5602565325423599
-0.0004185530114969756,0.5601389826312527
-0.00040460124444697404,0.560020339822144
-0.0003906494773969725,0.5599005631053071
-0.00037669771034697097,0.5597796084721931
-0.00036274594329696944,0.5596574285784661
-0.0003487941762469679,0.5595339723548142
-0.00033484240919696637,0.5594091845550647
-0.00032089064214696483,0.5592830052284516
-0.0003069388750969633,0.5591553690994578
-0.00029298710804696176,0.5590262048341255
-0.00027903534099696023,0.5588954341656456
-0.0002650835739469587,0.5587629708438414
-0.00025113180689695716,0.5586287193619519
-0.00023718003984695563,0.5584925733984711
-0.0002232282727969541,0.5583544138897396
-0.00020927650574695256,0.5582141066171472
-0.00019532473869695102,0.5580714991460688
-0.0001813729716469495,0.5579264168833641
-0.00016742120459694795,0.5577786579117991
-0.00015346943754694642,0.5576279860875116
-0.00013951767049694488,0.5574741216036323
-0.00012556590344694335,0.5573167277397757
-0.00011161413639694182,0.5571553916526091
-9.766236934694028e-05,0.5569895954291723
-8.371060229693875e-05,0.5568186703238038
-6.975883524693721e-05,0.556641719844961
-5.580706819693568e-05,0.5564574795779399
-4.185530114693414e-05,0.5562640310765007
-2.790353409693261e-05,0.5560581082668151
-1.3951767046931074e-05,0.5558328161641977
